pole_id,lat,lon,feeder_id,dt_id,seq_on_line,parent_pole_id,pole_type,ward,pincode,device_id
POL-CSV-0001,17.440259,78.380266,FDR-HYD-NORTH-01,TRF-NORTH-01,1,,TRANSFORMER_POLE,Ward-2,500001,DEV-CSV-0001
POL-CSV-0002,17.440643,78.380573,FDR-HYD-NORTH-01,TRF-NORTH-01,2,POL-CSV-0001,TENSION,Ward-11,500001,DEV-CSV-0002
POL-CSV-0003,17.440912,78.380856,FDR-HYD-NORTH-01,TRF-NORTH-01,3,POL-CSV-0002,JUNCTION,Ward-6,500032,DEV-CSV-0003
POL-CSV-0004,17.441204,78.381154,FDR-HYD-NORTH-01,TRF-NORTH-01,4,POL-CSV-0003,SUSPENSION,Ward-11,500084,DEV-CSV-0004
POL-CSV-0005,17.441531,78.381469,FDR-HYD-NORTH-01,TRF-NORTH-01,5,POL-CSV-0004,SUSPENSION,Ward-8,500081,DEV-CSV-0005
POL-CSV-0006,17.441822,78.381782,FDR-HYD-NORTH-01,TRF-NORTH-01,6,POL-CSV-0005,SUSPENSION,Ward-11,500032,DEV-CSV-0006
POL-CSV-0007,17.442056,78.382082,FDR-HYD-NORTH-01,TRF-NORTH-01,7,POL-CSV-0006,SUSPENSION,Ward-14,500084,DEV-CSV-0007
POL-CSV-0008,17.442383,78.382351,FDR-HYD-NORTH-01,TRF-NORTH-01,8,POL-CSV-0007,TENSION,Ward-10,500081,DEV-CSV-0008
POL-CSV-0009,17.4427,78.382671,FDR-HYD-NORTH-01,TRF-NORTH-01,9,POL-CSV-0008,TENSION,Ward-5,500090,DEV-CSV-0009
POL-CSV-0010,17.442976,78.382994,FDR-HYD-NORTH-01,TRF-NORTH-01,10,POL-CSV-0009,TENSION,Ward-13,500081,DEV-CSV-0010
POL-CSV-0011,17.443335,78.383289,FDR-HYD-NORTH-01,TRF-NORTH-01,11,POL-CSV-0010,SUSPENSION,Ward-5,500032,DEV-CSV-0011
POL-CSV-0012,17.443556,78.38358,FDR-HYD-NORTH-01,TRF-NORTH-01,12,POL-CSV-0011,SUSPENSION,Ward-14,500032,DEV-CSV-0012
POL-CSV-0013,17.44391,78.383934,FDR-HYD-NORTH-01,TRF-NORTH-01,13,POL-CSV-0012,SUSPENSION,Ward-11,500001,DEV-CSV-0013
POL-CSV-0014,17.444182,78.384182,FDR-HYD-NORTH-01,TRF-NORTH-01,14,POL-CSV-0013,TENSION,Ward-6,500081,DEV-CSV-0014
POL-CSV-0015,17.444533,78.384499,FDR-HYD-NORTH-01,TRF-NORTH-01,15,POL-CSV-0014,TENSION,Ward-1,500001,DEV-CSV-0015
POL-CSV-0016,17.444752,78.38477,FDR-HYD-NORTH-01,TRF-NORTH-01,16,POL-CSV-0015,SUSPENSION,Ward-8,500001,DEV-CSV-0016
POL-CSV-0017,17.44508,78.385145,FDR-HYD-NORTH-01,TRF-NORTH-01,17,POL-CSV-0016,SUSPENSION,Ward-4,500090,DEV-CSV-0017
POL-CSV-0018,17.445354,78.385424,FDR-HYD-NORTH-01,TRF-NORTH-01,18,POL-CSV-0017,TENSION,Ward-5,500090,DEV-CSV-0018
POL-CSV-0019,17.445741,78.385745,FDR-HYD-NORTH-01,TRF-NORTH-01,19,POL-CSV-0018,JUNCTION,Ward-14,500032,DEV-CSV-0019
POL-CSV-0020,17.446038,78.386049,FDR-HYD-NORTH-01,TRF-NORTH-01,20,POL-CSV-0019,TENSION,Ward-7,500081,DEV-CSV-0020
POL-CSV-0021,17.446345,78.386329,FDR-HYD-NORTH-01,TRF-NORTH-01,21,POL-CSV-0020,SUSPENSION,Ward-13,500001,DEV-CSV-0021
POL-CSV-0022,17.446591,78.386584,FDR-HYD-NORTH-01,TRF-NORTH-01,22,POL-CSV-0021,SUSPENSION,Ward-3,500090,DEV-CSV-0022
POL-CSV-0023,17.446907,78.386927,FDR-HYD-NORTH-01,TRF-NORTH-01,23,POL-CSV-0022,SUSPENSION,Ward-1,500084,DEV-CSV-0023
POL-CSV-0024,17.44719,78.387219,FDR-HYD-NORTH-01,TRF-NORTH-01,24,POL-CSV-0023,SUSPENSION,Ward-4,500084,DEV-CSV-0024
POL-CSV-0025,17.447515,78.387463,FDR-HYD-NORTH-01,TRF-NORTH-01,25,POL-CSV-0024,SUSPENSION,Ward-8,500032,DEV-CSV-0025
POL-CSV-0026,17.447824,78.387777,FDR-HYD-NORTH-01,TRF-NORTH-01,26,POL-CSV-0025,SUSPENSION,Ward-4,500090,
POL-CSV-0027,17.448084,78.388082,FDR-HYD-NORTH-01,TRF-NORTH-01,27,POL-CSV-0026,SUSPENSION,Ward-7,500090,DEV-CSV-0027
POL-CSV-0028,17.448437,78.388414,FDR-HYD-NORTH-01,TRF-NORTH-01,28,POL-CSV-0027,TENSION,Ward-11,500084,DEV-CSV-0028
POL-CSV-0029,17.44873,78.388723,FDR-HYD-NORTH-01,TRF-NORTH-01,29,POL-CSV-0028,SUSPENSION,Ward-3,500001,DEV-CSV-0029
POL-CSV-0030,17.448951,78.389036,FDR-HYD-NORTH-01,TRF-NORTH-01,30,POL-CSV-0029,SUSPENSION,Ward-7,500081,DEV-CSV-0030
POL-CSV-0031,17.449338,78.389308,FDR-HYD-NORTH-01,TRF-NORTH-01,31,POL-CSV-0030,SUSPENSION,Ward-6,500001,DEV-CSV-0031
POL-CSV-0032,17.449554,78.389582,FDR-HYD-NORTH-01,TRF-NORTH-01,32,POL-CSV-0031,JUNCTION,Ward-15,500084,DEV-CSV-0032
POL-CSV-0033,17.449884,78.389942,FDR-HYD-NORTH-01,TRF-NORTH-01,33,POL-CSV-0032,SUSPENSION,Ward-6,500090,DEV-CSV-0033
POL-CSV-0034,17.450213,78.390181,FDR-HYD-NORTH-01,TRF-NORTH-01,34,POL-CSV-0033,JUNCTION,Ward-2,500084,DEV-CSV-0034
POL-CSV-0035,17.450534,78.390531,FDR-HYD-NORTH-01,TRF-NORTH-01,35,POL-CSV-0034,TENSION,Ward-1,500084,DEV-CSV-0035
POL-CSV-0036,17.450833,78.390811,FDR-HYD-NORTH-01,TRF-NORTH-01,36,POL-CSV-0035,TENSION,Ward-14,500001,DEV-CSV-0036
POL-CSV-0037,17.451138,78.391139,FDR-HYD-NORTH-01,TRF-NORTH-01,37,POL-CSV-0036,JUNCTION,Ward-15,500032,DEV-CSV-0037
POL-CSV-0038,17.451408,78.391419,FDR-HYD-NORTH-01,TRF-NORTH-01,38,POL-CSV-0037,SUSPENSION,Ward-2,500081,DEV-CSV-0038
POL-CSV-0039,17.451706,78.391709,FDR-HYD-NORTH-01,TRF-NORTH-01,39,POL-CSV-0038,SUSPENSION,Ward-10,500001,DEV-CSV-0039
POL-CSV-0040,17.451973,78.392031,FDR-HYD-NORTH-01,TRF-NORTH-01,40,POL-CSV-0039,TENSION,Ward-12,500001,DEV-CSV-0040
POL-CSV-0041,17.452256,78.392331,FDR-HYD-NORTH-01,TRF-NORTH-01,41,POL-CSV-0040,TENSION,Ward-2,500081,DEV-CSV-0041
POL-CSV-0042,17.452636,78.392618,FDR-HYD-NORTH-01,TRF-NORTH-01,42,POL-CSV-0041,SUSPENSION,Ward-1,500001,DEV-CSV-0042
POL-CSV-0043,17.452924,78.392861,FDR-HYD-NORTH-01,TRF-NORTH-01,43,POL-CSV-0042,TENSION,Ward-2,500001,DEV-CSV-0043
POL-CSV-0044,17.45319,78.393224,FDR-HYD-NORTH-01,TRF-NORTH-01,44,POL-CSV-0043,SUSPENSION,Ward-5,500081,DEV-CSV-0044
POL-CSV-0045,17.453496,78.393455,FDR-HYD-NORTH-01,TRF-NORTH-01,45,POL-CSV-0044,SUSPENSION,Ward-9,500081,DEV-CSV-0045
POL-CSV-0046,17.453762,78.393813,FDR-HYD-NORTH-01,TRF-NORTH-01,46,POL-CSV-0045,SUSPENSION,Ward-7,500090,DEV-CSV-0046
POL-CSV-0047,17.45409,78.394119,FDR-HYD-NORTH-01,TRF-NORTH-01,47,POL-CSV-0046,TENSION,Ward-6,500032,DEV-CSV-0047
POL-CSV-0048,17.454384,78.394436,FDR-HYD-NORTH-01,TRF-NORTH-01,48,POL-CSV-0047,SUSPENSION,Ward-15,500084,DEV-CSV-0048
POL-CSV-0049,17.454734,78.394658,FDR-HYD-NORTH-01,TRF-NORTH-01,49,POL-CSV-0048,SUSPENSION,Ward-13,500081,
POL-CSV-0050,17.454994,78.394962,FDR-HYD-NORTH-01,TRF-NORTH-01,50,POL-CSV-0049,SUSPENSION,Ward-5,500081,DEV-CSV-0050
POL-CSV-0051,17.455333,78.395314,FDR-HYD-NORTH-01,TRF-NORTH-01,51,POL-CSV-0050,JUNCTION,Ward-1,500084,
POL-CSV-0052,17.455642,78.395596,FDR-HYD-NORTH-01,TRF-NORTH-01,52,POL-CSV-0051,SUSPENSION,Ward-4,500084,DEV-CSV-0052
POL-CSV-0053,17.455938,78.395919,FDR-HYD-NORTH-01,TRF-NORTH-01,53,POL-CSV-0052,SUSPENSION,Ward-14,500090,DEV-CSV-0053
POL-CSV-0054,17.45619,78.396172,FDR-HYD-NORTH-01,TRF-NORTH-01,54,POL-CSV-0053,SUSPENSION,Ward-6,500081,DEV-CSV-0054
POL-CSV-0055,17.456461,78.396474,FDR-HYD-NORTH-01,TRF-NORTH-01,55,POL-CSV-0054,SUSPENSION,Ward-6,500090,DEV-CSV-0055
POL-CSV-0056,17.456804,78.396761,FDR-HYD-NORTH-01,TRF-NORTH-01,56,POL-CSV-0055,TENSION,Ward-11,500032,DEV-CSV-0056
POL-CSV-0057,17.457104,78.397092,FDR-HYD-NORTH-01,TRF-NORTH-01,57,POL-CSV-0056,JUNCTION,Ward-1,500081,DEV-CSV-0057
POL-CSV-0058,17.457438,78.39743,FDR-HYD-NORTH-01,TRF-NORTH-01,58,POL-CSV-0057,SUSPENSION,Ward-9,500032,DEV-CSV-0058
POL-CSV-0059,17.457654,78.397719,FDR-HYD-NORTH-01,TRF-NORTH-01,59,POL-CSV-0058,JUNCTION,Ward-15,500001,DEV-CSV-0059
POL-CSV-0060,17.457961,78.397982,FDR-HYD-NORTH-01,TRF-NORTH-01,60,POL-CSV-0059,JUNCTION,Ward-6,500032,DEV-CSV-0060
POL-CSV-0061,17.458311,78.398257,FDR-HYD-NORTH-01,TRF-NORTH-01,61,POL-CSV-0060,SUSPENSION,Ward-4,500001,DEV-CSV-0061
POL-CSV-0062,17.458636,78.398587,FDR-HYD-NORTH-01,TRF-NORTH-01,62,POL-CSV-0061,JUNCTION,Ward-6,500032,DEV-CSV-0062
POL-CSV-0063,17.458899,78.39893,FDR-HYD-NORTH-01,TRF-NORTH-01,63,POL-CSV-0062,SUSPENSION,Ward-5,500081,DEV-CSV-0063
POL-CSV-0064,17.459215,78.399226,FDR-HYD-NORTH-01,TRF-NORTH-01,64,POL-CSV-0063,TENSION,Ward-15,500090,DEV-CSV-0064
POL-CSV-0065,17.459541,78.399452,FDR-HYD-NORTH-01,TRF-NORTH-01,65,POL-CSV-0064,SUSPENSION,Ward-15,500032,
POL-CSV-0066,17.459805,78.399754,FDR-HYD-NORTH-01,TRF-NORTH-01,66,POL-CSV-0065,SUSPENSION,Ward-10,500090,DEV-CSV-0066
POL-CSV-0067,17.444325,78.384258,FDR-HYD-NORTH-01,TRF-NORTH-02,1,,TRANSFORMER_POLE,Ward-15,500090,DEV-CSV-0067
POL-CSV-0068,17.444617,78.384587,FDR-HYD-NORTH-01,TRF-NORTH-02,2,POL-CSV-0067,SUSPENSION,Ward-11,500081,DEV-CSV-0068
POL-CSV-0069,17.444909,78.384879,FDR-HYD-NORTH-01,TRF-NORTH-02,3,POL-CSV-0068,JUNCTION,Ward-1,500081,DEV-CSV-0069
POL-CSV-0070,17.445179,78.385192,FDR-HYD-NORTH-01,TRF-NORTH-02,4,POL-CSV-0069,JUNCTION,Ward-1,500084,DEV-CSV-0070
POL-CSV-0071,17.445459,78.385476,FDR-HYD-NORTH-01,TRF-NORTH-02,5,POL-CSV-0070,JUNCTION,Ward-9,500090,DEV-CSV-0071
POL-CSV-0072,17.44584,78.38576,FDR-HYD-NORTH-01,TRF-NORTH-02,6,POL-CSV-0071,SUSPENSION,Ward-15,500081,DEV-CSV-0072
POL-CSV-0073,17.446064,78.386137,FDR-HYD-NORTH-01,TRF-NORTH-02,7,POL-CSV-0072,SUSPENSION,Ward-8,500001,DEV-CSV-0073
POL-CSV-0074,17.446412,78.386369,FDR-HYD-NORTH-01,TRF-NORTH-02,8,POL-CSV-0073,TENSION,Ward-2,500081,DEV-CSV-0074
POL-CSV-0075,17.446703,78.386728,FDR-HYD-NORTH-01,TRF-NORTH-02,9,POL-CSV-0074,SUSPENSION,Ward-3,500032,DEV-CSV-0075
POL-CSV-0076,17.447012,78.387005,FDR-HYD-NORTH-01,TRF-NORTH-02,10,POL-CSV-0075,SUSPENSION,Ward-7,500090,DEV-CSV-0076
POL-CSV-0077,17.44727,78.387339,FDR-HYD-NORTH-01,TRF-NORTH-02,11,POL-CSV-0076,JUNCTION,Ward-2,500081,DEV-CSV-0077
POL-CSV-0078,17.447626,78.387616,FDR-HYD-NORTH-01,TRF-NORTH-02,12,POL-CSV-0077,SUSPENSION,Ward-13,500081,DEV-CSV-0078
POL-CSV-0079,17.447888,78.387879,FDR-HYD-NORTH-01,TRF-NORTH-02,13,POL-CSV-0078,SUSPENSION,Ward-13,500081,DEV-CSV-0079
POL-CSV-0080,17.448155,78.38817,FDR-HYD-NORTH-01,TRF-NORTH-02,14,POL-CSV-0079,SUSPENSION,Ward-6,500081,DEV-CSV-0080
POL-CSV-0081,17.448519,78.388485,FDR-HYD-NORTH-01,TRF-NORTH-02,15,POL-CSV-0080,TENSION,Ward-14,500090,DEV-CSV-0081
POL-CSV-0082,17.44879,78.388808,FDR-HYD-NORTH-01,TRF-NORTH-02,16,POL-CSV-0081,SUSPENSION,Ward-14,500032,DEV-CSV-0082
POL-CSV-0083,17.449145,78.389137,FDR-HYD-NORTH-01,TRF-NORTH-02,17,POL-CSV-0082,SUSPENSION,Ward-13,500081,DEV-CSV-0083
POL-CSV-0084,17.449364,78.389427,FDR-HYD-NORTH-01,TRF-NORTH-02,18,POL-CSV-0083,JUNCTION,Ward-4,500081,DEV-CSV-0084
POL-CSV-0085,17.449713,78.389703,FDR-HYD-NORTH-01,TRF-NORTH-02,19,POL-CSV-0084,SUSPENSION,Ward-3,500090,DEV-CSV-0085
POL-CSV-0086,17.449999,78.38996,FDR-HYD-NORTH-01,TRF-NORTH-02,20,POL-CSV-0085,SUSPENSION,Ward-7,500090,
POL-CSV-0087,17.450262,78.39028,FDR-HYD-NORTH-01,TRF-NORTH-02,21,POL-CSV-0086,SUSPENSION,Ward-11,500032,DEV-CSV-0087
POL-CSV-0088,17.450576,78.390556,FDR-HYD-NORTH-01,TRF-NORTH-02,22,POL-CSV-0087,TENSION,Ward-6,500084,DEV-CSV-0088
POL-CSV-0089,17.450949,78.390931,FDR-HYD-NORTH-01,TRF-NORTH-02,23,POL-CSV-0088,SUSPENSION,Ward-4,500001,DEV-CSV-0089
POL-CSV-0090,17.45124,78.391235,FDR-HYD-NORTH-01,TRF-NORTH-02,24,POL-CSV-0089,TENSION,Ward-2,500084,DEV-CSV-0090
POL-CSV-0091,17.451502,78.391543,FDR-HYD-NORTH-01,TRF-NORTH-02,25,POL-CSV-0090,TENSION,Ward-12,500032,DEV-CSV-0091
POL-CSV-0092,17.451811,78.391785,FDR-HYD-NORTH-01,TRF-NORTH-02,26,POL-CSV-0091,JUNCTION,Ward-3,500090,DEV-CSV-0092
POL-CSV-0093,17.452093,78.39208,FDR-HYD-NORTH-01,TRF-NORTH-02,27,POL-CSV-0092,SUSPENSION,Ward-3,500090,DEV-CSV-0093
POL-CSV-0094,17.452434,78.392395,FDR-HYD-NORTH-01,TRF-NORTH-02,28,POL-CSV-0093,SUSPENSION,Ward-4,500090,DEV-CSV-0094
POL-CSV-0095,17.452666,78.392695,FDR-HYD-NORTH-01,TRF-NORTH-02,29,POL-CSV-0094,SUSPENSION,Ward-13,500081,DEV-CSV-0095
POL-CSV-0096,17.452999,78.393027,FDR-HYD-NORTH-01,TRF-NORTH-02,30,POL-CSV-0095,SUSPENSION,Ward-3,500084,
POL-CSV-0097,17.453273,78.393335,FDR-HYD-NORTH-01,TRF-NORTH-02,31,POL-CSV-0096,SUSPENSION,Ward-3,500084,DEV-CSV-0097
POL-CSV-0098,17.453564,78.393568,FDR-HYD-NORTH-01,TRF-NORTH-02,32,POL-CSV-0097,SUSPENSION,Ward-15,500090,DEV-CSV-0098
POL-CSV-0099,17.453903,78.393868,FDR-HYD-NORTH-01,TRF-NORTH-02,33,POL-CSV-0098,JUNCTION,Ward-4,500001,DEV-CSV-0099
POL-CSV-0100,17.454238,78.394198,FDR-HYD-NORTH-01,TRF-NORTH-02,34,POL-CSV-0099,JUNCTION,Ward-12,500084,DEV-CSV-0100
POL-CSV-0101,17.454537,78.394524,FDR-HYD-NORTH-01,TRF-NORTH-02,35,POL-CSV-0100,SUSPENSION,Ward-6,500090,
POL-CSV-0102,17.454796,78.394783,FDR-HYD-NORTH-01,TRF-NORTH-02,36,POL-CSV-0101,SUSPENSION,Ward-15,500090,DEV-CSV-0102
POL-CSV-0103,17.455135,78.395122,FDR-HYD-NORTH-01,TRF-NORTH-02,37,POL-CSV-0102,SUSPENSION,Ward-1,500081,DEV-CSV-0103
POL-CSV-0104,17.455383,78.395448,FDR-HYD-NORTH-01,TRF-NORTH-02,38,POL-CSV-0103,TENSION,Ward-7,500084,DEV-CSV-0104
POL-CSV-0105,17.455708,78.395666,FDR-HYD-NORTH-01,TRF-NORTH-02,39,POL-CSV-0104,SUSPENSION,Ward-11,500081,DEV-CSV-0105
POL-CSV-0106,17.456035,78.395972,FDR-HYD-NORTH-01,TRF-NORTH-02,40,POL-CSV-0105,JUNCTION,Ward-2,500001,DEV-CSV-0106
POL-CSV-0107,17.456303,78.396286,FDR-HYD-NORTH-01,TRF-NORTH-02,41,POL-CSV-0106,TENSION,Ward-5,500084,DEV-CSV-0107
POL-CSV-0108,17.456576,78.396554,FDR-HYD-NORTH-01,TRF-NORTH-02,42,POL-CSV-0107,TENSION,Ward-2,500032,DEV-CSV-0108
POL-CSV-0109,17.456935,78.396937,FDR-HYD-NORTH-01,TRF-NORTH-02,43,POL-CSV-0108,JUNCTION,Ward-10,500084,DEV-CSV-0109
POL-CSV-0110,17.45717,78.397233,FDR-HYD-NORTH-01,TRF-NORTH-02,44,POL-CSV-0109,SUSPENSION,Ward-6,500090,DEV-CSV-0110
POL-CSV-0111,17.457525,78.397525,FDR-HYD-NORTH-01,TRF-NORTH-02,45,POL-CSV-0110,SUSPENSION,Ward-11,500032,DEV-CSV-0111
POL-CSV-0112,17.457843,78.397843,FDR-HYD-NORTH-01,TRF-NORTH-02,46,POL-CSV-0111,SUSPENSION,Ward-6,500032,DEV-CSV-0112
POL-CSV-0113,17.458122,78.398141,FDR-HYD-NORTH-01,TRF-NORTH-02,47,POL-CSV-0112,SUSPENSION,Ward-9,500032,DEV-CSV-0113
POL-CSV-0114,17.458435,78.398413,FDR-HYD-NORTH-01,TRF-NORTH-02,48,POL-CSV-0113,SUSPENSION,Ward-8,500032,DEV-CSV-0114
POL-CSV-0115,17.458727,78.398663,FDR-HYD-NORTH-01,TRF-NORTH-02,49,POL-CSV-0114,SUSPENSION,Ward-12,500090,DEV-CSV-0115
POL-CSV-0116,17.459045,78.398953,FDR-HYD-NORTH-01,TRF-NORTH-02,50,POL-CSV-0115,SUSPENSION,Ward-5,500081,DEV-CSV-0116
POL-CSV-0117,17.459317,78.399293,FDR-HYD-NORTH-01,TRF-NORTH-02,51,POL-CSV-0116,TENSION,Ward-3,500090,DEV-CSV-0117
POL-CSV-0118,17.459566,78.39964,FDR-HYD-NORTH-01,TRF-NORTH-02,52,POL-CSV-0117,SUSPENSION,Ward-3,500081,DEV-CSV-0118
POL-CSV-0119,17.459942,78.399889,FDR-HYD-NORTH-01,TRF-NORTH-02,53,POL-CSV-0118,SUSPENSION,Ward-12,500001,DEV-CSV-0119
POL-CSV-0120,17.460181,78.400239,FDR-HYD-NORTH-01,TRF-NORTH-02,54,POL-CSV-0119,SUSPENSION,Ward-10,500001,DEV-CSV-0120
POL-CSV-0121,17.460535,78.400526,FDR-HYD-NORTH-01,TRF-NORTH-02,55,POL-CSV-0120,JUNCTION,Ward-3,500084,
POL-CSV-0122,17.460756,78.400818,FDR-HYD-NORTH-01,TRF-NORTH-02,56,POL-CSV-0121,JUNCTION,Ward-14,500001,DEV-CSV-0122
POL-CSV-0123,17.46112,78.401137,FDR-HYD-NORTH-01,TRF-NORTH-02,57,POL-CSV-0122,SUSPENSION,Ward-8,500084,DEV-CSV-0123
POL-CSV-0124,17.461399,78.401352,FDR-HYD-NORTH-01,TRF-NORTH-02,58,POL-CSV-0123,TENSION,Ward-12,500084,DEV-CSV-0124
POL-CSV-0125,17.461679,78.401697,FDR-HYD-NORTH-01,TRF-NORTH-02,59,POL-CSV-0124,SUSPENSION,Ward-7,500090,DEV-CSV-0125
POL-CSV-0126,17.462043,78.402013,FDR-HYD-NORTH-01,TRF-NORTH-02,60,POL-CSV-0125,SUSPENSION,Ward-9,500081,
POL-CSV-0127,17.462315,78.402258,FDR-HYD-NORTH-01,TRF-NORTH-02,61,POL-CSV-0126,JUNCTION,Ward-12,500001,DEV-CSV-0127
POL-CSV-0128,17.462645,78.402554,FDR-HYD-NORTH-01,TRF-NORTH-02,62,POL-CSV-0127,SUSPENSION,Ward-3,500081,DEV-CSV-0128
POL-CSV-0129,17.462872,78.402939,FDR-HYD-NORTH-01,TRF-NORTH-02,63,POL-CSV-0128,TENSION,Ward-14,500081,DEV-CSV-0129
POL-CSV-0130,17.463181,78.403207,FDR-HYD-NORTH-01,TRF-NORTH-02,64,POL-CSV-0129,JUNCTION,Ward-15,500081,DEV-CSV-0130
POL-CSV-0131,17.46352,78.403489,FDR-HYD-NORTH-01,TRF-NORTH-02,65,POL-CSV-0130,SUSPENSION,Ward-10,500090,DEV-CSV-0131
POL-CSV-0132,17.463752,78.403789,FDR-HYD-NORTH-01,TRF-NORTH-02,66,POL-CSV-0131,SUSPENSION,Ward-12,500001,DEV-CSV-0132
POL-CSV-0133,17.448323,78.388322,FDR-HYD-NORTH-01,TRF-NORTH-03,,,TRANSFORMER_POLE,Ward-10,500084,DEV-CSV-0133
POL-CSV-0134,17.448605,78.388596,FDR-HYD-NORTH-01,TRF-NORTH-03,,,SUSPENSION,Ward-6,500032,DEV-CSV-0134
POL-CSV-0135,17.448941,78.38892,FDR-HYD-NORTH-01,TRF-NORTH-03,,,JUNCTION,Ward-8,500090,DEV-CSV-0135
POL-CSV-0136,17.449227,78.389164,FDR-HYD-NORTH-01,TRF-NORTH-03,,,SUSPENSION,Ward-8,500001,DEV-CSV-0136
POL-CSV-0137,17.44951,78.389499,FDR-HYD-NORTH-01,TRF-NORTH-03,,,JUNCTION,Ward-2,500032,DEV-CSV-0137
POL-CSV-0138,17.449786,78.389814,FDR-HYD-NORTH-01,TRF-NORTH-03,,,SUSPENSION,Ward-10,500084,DEV-CSV-0138
POL-CSV-0139,17.450061,78.390142,FDR-HYD-NORTH-01,TRF-NORTH-03,,,SUSPENSION,Ward-1,500084,DEV-CSV-0139
POL-CSV-0140,17.45039,78.390389,FDR-HYD-NORTH-01,TRF-NORTH-03,,,SUSPENSION,Ward-4,500032,
POL-CSV-0141,17.450723,78.390672,FDR-HYD-NORTH-01,TRF-NORTH-03,,,SUSPENSION,Ward-9,500032,DEV-CSV-0141
POL-CSV-0142,17.451009,78.391007,FDR-HYD-NORTH-01,TRF-NORTH-03,,,JUNCTION,Ward-1,500090,DEV-CSV-0142
POL-CSV-0143,17.45129,78.391266,FDR-HYD-NORTH-01,TRF-NORTH-03,,,JUNCTION,Ward-3,500081,DEV-CSV-0143
POL-CSV-0144,17.451624,78.391595,FDR-HYD-NORTH-01,TRF-NORTH-03,,,SUSPENSION,Ward-3,500084,DEV-CSV-0144
POL-CSV-0145,17.451887,78.39188,FDR-HYD-NORTH-01,TRF-NORTH-03,,,SUSPENSION,Ward-13,500032,DEV-CSV-0145
POL-CSV-0146,17.452178,78.392207,FDR-HYD-NORTH-01,TRF-NORTH-03,,,SUSPENSION,Ward-12,500081,DEV-CSV-0146
POL-CSV-0147,17.452527,78.392529,FDR-HYD-NORTH-01,TRF-NORTH-03,,,SUSPENSION,Ward-1,500084,DEV-CSV-0147
POL-CSV-0148,17.452763,78.392775,FDR-HYD-NORTH-01,TRF-NORTH-03,,,SUSPENSION,Ward-11,500032,DEV-CSV-0148
POL-CSV-0149,17.45307,78.393088,FDR-HYD-NORTH-01,TRF-NORTH-03,,,SUSPENSION,Ward-14,500084,DEV-CSV-0149
POL-CSV-0150,17.453442,78.39341,FDR-HYD-NORTH-01,TRF-NORTH-03,,,SUSPENSION,Ward-8,500090,
POL-CSV-0151,17.453651,78.393705,FDR-HYD-NORTH-01,TRF-NORTH-03,,,TENSION,Ward-4,500084,DEV-CSV-0151
POL-CSV-0152,17.453972,78.394013,FDR-HYD-NORTH-01,TRF-NORTH-03,,,SUSPENSION,Ward-11,500081,DEV-CSV-0152
POL-CSV-0153,17.454293,78.394305,FDR-HYD-NORTH-01,TRF-NORTH-03,,,SUSPENSION,Ward-7,500081,DEV-CSV-0153
POL-CSV-0154,17.454613,78.394611,FDR-HYD-NORTH-01,TRF-NORTH-03,,,JUNCTION,Ward-4,500001,DEV-CSV-0154
POL-CSV-0155,17.454858,78.394906,FDR-HYD-NORTH-01,TRF-NORTH-03,,,TENSION,Ward-2,500001,DEV-CSV-0155
POL-CSV-0156,17.455159,78.395232,FDR-HYD-NORTH-01,TRF-NORTH-03,,,TENSION,Ward-10,500090,DEV-CSV-0156
POL-CSV-0157,17.455545,78.395528,FDR-HYD-NORTH-01,TRF-NORTH-03,,,SUSPENSION,Ward-10,500081,DEV-CSV-0157
POL-CSV-0158,17.455811,78.395753,FDR-HYD-NORTH-01,TRF-NORTH-03,,,SUSPENSION,Ward-14,500090,DEV-CSV-0158
POL-CSV-0159,17.456115,78.396116,FDR-HYD-NORTH-01,TRF-NORTH-03,,,JUNCTION,Ward-12,500081,DEV-CSV-0159
POL-CSV-0160,17.456407,78.396416,FDR-HYD-NORTH-01,TRF-NORTH-03,,,JUNCTION,Ward-6,500090,DEV-CSV-0160
POL-CSV-0161,17.456654,78.396744,FDR-HYD-NORTH-01,TRF-NORTH-03,,,JUNCTION,Ward-13,500090,DEV-CSV-0161
POL-CSV-0162,17.457038,78.397048,FDR-HYD-NORTH-01,TRF-NORTH-03,,,SUSPENSION,Ward-12,500081,DEV-CSV-0162
POL-CSV-0163,17.457337,78.397294,FDR-HYD-NORTH-01,TRF-NORTH-03,,,SUSPENSION,Ward-10,500084,DEV-CSV-0163
POL-CSV-0164,17.457626,78.397609,FDR-HYD-NORTH-01,TRF-NORTH-03,,,SUSPENSION,Ward-7,500081,DEV-CSV-0164
POL-CSV-0165,17.4579,78.397867,FDR-HYD-NORTH-01,TRF-NORTH-03,,,SUSPENSION,Ward-3,500081,DEV-CSV-0165
POL-CSV-0166,17.458242,78.398172,FDR-HYD-NORTH-01,TRF-NORTH-03,,,TENSION,Ward-7,500081,DEV-CSV-0166
POL-CSV-0167,17.458544,78.398482,FDR-HYD-NORTH-01,TRF-NORTH-03,,,SUSPENSION,Ward-12,500084,
POL-CSV-0168,17.458789,78.398798,FDR-HYD-NORTH-01,TRF-NORTH-03,,,SUSPENSION,Ward-7,500001,DEV-CSV-0168
POL-CSV-0169,17.459108,78.399085,FDR-HYD-NORTH-01,TRF-NORTH-03,,,TENSION,Ward-7,500001,DEV-CSV-0169
POL-CSV-0170,17.459352,78.399449,FDR-HYD-NORTH-01,TRF-NORTH-03,,,JUNCTION,Ward-11,500084,DEV-CSV-0170
POL-CSV-0171,17.4597,78.399696,FDR-HYD-NORTH-01,TRF-NORTH-03,,,TENSION,Ward-2,500090,DEV-CSV-0171
POL-CSV-0172,17.460049,78.400034,FDR-HYD-NORTH-01,TRF-NORTH-03,,,JUNCTION,Ward-2,500032,DEV-CSV-0172
POL-CSV-0173,17.460274,78.400334,FDR-HYD-NORTH-01,TRF-NORTH-03,,,SUSPENSION,Ward-12,500032,DEV-CSV-0173
POL-CSV-0174,17.460626,78.400564,FDR-HYD-NORTH-01,TRF-NORTH-03,,,JUNCTION,Ward-7,500001,DEV-CSV-0174
POL-CSV-0175,17.460894,78.400938,FDR-HYD-NORTH-01,TRF-NORTH-03,,,JUNCTION,Ward-7,500090,DEV-CSV-0175
POL-CSV-0176,17.46123,78.401163,FDR-HYD-NORTH-01,TRF-NORTH-03,,,SUSPENSION,Ward-10,500090,
POL-CSV-0177,17.461496,78.401539,FDR-HYD-NORTH-01,TRF-NORTH-03,,,JUNCTION,Ward-6,500084,DEV-CSV-0177
POL-CSV-0178,17.461822,78.401803,FDR-HYD-NORTH-01,TRF-NORTH-03,,,JUNCTION,Ward-2,500090,
POL-CSV-0179,17.462138,78.402059,FDR-HYD-NORTH-01,TRF-NORTH-03,,,SUSPENSION,Ward-10,500084,DEV-CSV-0179
POL-CSV-0180,17.46242,78.40244,FDR-HYD-NORTH-01,TRF-NORTH-03,,,SUSPENSION,Ward-7,500032,DEV-CSV-0180
POL-CSV-0181,17.462683,78.402728,FDR-HYD-NORTH-01,TRF-NORTH-03,,,SUSPENSION,Ward-15,500001,DEV-CSV-0181
POL-CSV-0182,17.462968,78.402957,FDR-HYD-NORTH-01,TRF-NORTH-03,,,JUNCTION,Ward-13,500001,DEV-CSV-0182
POL-CSV-0183,17.463328,78.403348,FDR-HYD-NORTH-01,TRF-NORTH-03,,,TENSION,Ward-2,500001,DEV-CSV-0183
POL-CSV-0184,17.463647,78.403638,FDR-HYD-NORTH-01,TRF-NORTH-03,,,SUSPENSION,Ward-9,500084,DEV-CSV-0184
POL-CSV-0185,17.463937,78.403914,FDR-HYD-NORTH-01,TRF-NORTH-03,,,JUNCTION,Ward-1,500032,DEV-CSV-0185
POL-CSV-0186,17.464196,78.404168,FDR-HYD-NORTH-01,TRF-NORTH-03,,,SUSPENSION,Ward-10,500084,
POL-CSV-0187,17.464499,78.404528,FDR-HYD-NORTH-01,TRF-NORTH-03,,,SUSPENSION,Ward-15,500001,
POL-CSV-0188,17.464827,78.404799,FDR-HYD-NORTH-01,TRF-NORTH-03,,,SUSPENSION,Ward-6,500001,DEV-CSV-0188
POL-CSV-0189,17.465057,78.405106,FDR-HYD-NORTH-01,TRF-NORTH-03,,,SUSPENSION,Ward-7,500090,DEV-CSV-0189
POL-CSV-0190,17.465374,78.405411,FDR-HYD-NORTH-01,TRF-NORTH-03,,,SUSPENSION,Ward-1,500001,DEV-CSV-0190
POL-CSV-0191,17.465699,78.405678,FDR-HYD-NORTH-01,TRF-NORTH-03,,,SUSPENSION,Ward-14,500081,DEV-CSV-0191
POL-CSV-0192,17.465951,78.406047,FDR-HYD-NORTH-01,TRF-NORTH-03,,,TENSION,Ward-4,500032,DEV-CSV-0192
POL-CSV-0193,17.466289,78.406315,FDR-HYD-NORTH-01,TRF-NORTH-03,,,SUSPENSION,Ward-1,500084,DEV-CSV-0193
POL-CSV-0194,17.466634,78.406571,FDR-HYD-NORTH-01,TRF-NORTH-03,,,JUNCTION,Ward-9,500001,DEV-CSV-0194
POL-CSV-0195,17.466888,78.406904,FDR-HYD-NORTH-01,TRF-NORTH-03,,,SUSPENSION,Ward-10,500081,DEV-CSV-0195
POL-CSV-0196,17.467224,78.407165,FDR-HYD-NORTH-01,TRF-NORTH-03,,,SUSPENSION,Ward-5,500081,DEV-CSV-0196
POL-CSV-0197,17.467457,78.407515,FDR-HYD-NORTH-01,TRF-NORTH-03,,,SUSPENSION,Ward-2,500090,DEV-CSV-0197
POL-CSV-0198,17.467791,78.407763,FDR-HYD-NORTH-01,TRF-NORTH-03,,,SUSPENSION,Ward-12,500001,DEV-CSV-0198
POL-CSV-0199,17.452251,78.392256,FDR-HYD-NORTH-01,TRF-NORTH-04,,,TRANSFORMER_POLE,Ward-12,500081,DEV-CSV-0199
POL-CSV-0200,17.452643,78.392561,FDR-HYD-NORTH-01,TRF-NORTH-04,,,TENSION,Ward-2,500090,DEV-CSV-0200
POL-CSV-0201,17.452881,78.392884,FDR-HYD-NORTH-01,TRF-NORTH-04,,,SUSPENSION,Ward-12,500081,DEV-CSV-0201
POL-CSV-0202,17.453222,78.39317,FDR-HYD-NORTH-01,TRF-NORTH-04,,,SUSPENSION,Ward-5,500084,DEV-CSV-0202
POL-CSV-0203,17.453459,78.393452,FDR-HYD-NORTH-01,TRF-NORTH-04,,,SUSPENSION,Ward-7,500090,DEV-CSV-0203
POL-CSV-0204,17.453822,78.393757,FDR-HYD-NORTH-01,TRF-NORTH-04,,,SUSPENSION,Ward-8,500081,DEV-CSV-0204
POL-CSV-0205,17.454113,78.394052,FDR-HYD-NORTH-01,TRF-NORTH-04,,,SUSPENSION,Ward-6,500032,DEV-CSV-0205
POL-CSV-0206,17.45438,78.394371,FDR-HYD-NORTH-01,TRF-NORTH-04,,,SUSPENSION,Ward-9,500032,DEV-CSV-0206
POL-CSV-0207,17.454689,78.394686,FDR-HYD-NORTH-01,TRF-NORTH-04,,,SUSPENSION,Ward-3,500001,DEV-CSV-0207
POL-CSV-0208,17.455049,78.395031,FDR-HYD-NORTH-01,TRF-NORTH-04,,,JUNCTION,Ward-2,500081,DEV-CSV-0208
POL-CSV-0209,17.455303,78.395311,FDR-HYD-NORTH-01,TRF-NORTH-04,,,TENSION,Ward-11,500032,DEV-CSV-0209
POL-CSV-0210,17.455557,78.395557,FDR-HYD-NORTH-01,TRF-NORTH-04,,,SUSPENSION,Ward-11,500090,DEV-CSV-0210
POL-CSV-0211,17.455921,78.395943,FDR-HYD-NORTH-01,TRF-NORTH-04,,,SUSPENSION,Ward-7,500084,DEV-CSV-0211
POL-CSV-0212,17.456176,78.396222,FDR-HYD-NORTH-01,TRF-NORTH-04,,,TENSION,Ward-6,500032,
POL-CSV-0213,17.45652,78.396472,FDR-HYD-NORTH-01,TRF-NORTH-04,,,TENSION,Ward-9,500084,DEV-CSV-0213
POL-CSV-0214,17.456848,78.396827,FDR-HYD-NORTH-01,TRF-NORTH-04,,,TENSION,Ward-7,500081,DEV-CSV-0214
POL-CSV-0215,17.457106,78.397136,FDR-HYD-NORTH-01,TRF-NORTH-04,,,TENSION,Ward-13,500032,DEV-CSV-0215
POL-CSV-0216,17.457403,78.397398,FDR-HYD-NORTH-01,TRF-NORTH-04,,,SUSPENSION,Ward-12,500081,DEV-CSV-0216
POL-CSV-0217,17.457717,78.397659,FDR-HYD-NORTH-01,TRF-NORTH-04,,,SUSPENSION,Ward-1,500032,DEV-CSV-0217
POL-CSV-0218,17.457996,78.397994,FDR-HYD-NORTH-01,TRF-NORTH-04,,,SUSPENSION,Ward-8,500090,DEV-CSV-0218
POL-CSV-0219,17.458324,78.398334,FDR-HYD-NORTH-01,TRF-NORTH-04,,,JUNCTION,Ward-5,500090,DEV-CSV-0219
POL-CSV-0220,17.458644,78.398648,FDR-HYD-NORTH-01,TRF-NORTH-04,,,JUNCTION,Ward-4,500032,DEV-CSV-0220
POL-CSV-0221,17.45889,78.39886,FDR-HYD-NORTH-01,TRF-NORTH-04,,,JUNCTION,Ward-15,500090,DEV-CSV-0221
POL-CSV-0222,17.459242,78.399157,FDR-HYD-NORTH-01,TRF-NORTH-04,,,JUNCTION,Ward-6,500084,DEV-CSV-0222
POL-CSV-0223,17.459477,78.399532,FDR-HYD-NORTH-01,TRF-NORTH-04,,,SUSPENSION,Ward-1,500032,DEV-CSV-0223
POL-CSV-0224,17.459758,78.399767,FDR-HYD-NORTH-01,TRF-NORTH-04,,,SUSPENSION,Ward-13,500090,DEV-CSV-0224
POL-CSV-0225,17.460093,78.400131,FDR-HYD-NORTH-01,TRF-NORTH-04,,,SUSPENSION,Ward-8,500090,DEV-CSV-0225
POL-CSV-0226,17.460408,78.400385,FDR-HYD-NORTH-01,TRF-NORTH-04,,,JUNCTION,Ward-6,500090,DEV-CSV-0226
POL-CSV-0227,17.460703,78.400703,FDR-HYD-NORTH-01,TRF-NORTH-04,,,SUSPENSION,Ward-5,500001,
POL-CSV-0228,17.460954,78.400994,FDR-HYD-NORTH-01,TRF-NORTH-04,,,TENSION,Ward-9,500001,DEV-CSV-0228
POL-CSV-0229,17.461339,78.401288,FDR-HYD-NORTH-01,TRF-NORTH-04,,,SUSPENSION,Ward-10,500001,DEV-CSV-0229
POL-CSV-0230,17.46162,78.401562,FDR-HYD-NORTH-01,TRF-NORTH-04,,,SUSPENSION,Ward-8,500081,DEV-CSV-0230
POL-CSV-0231,17.461871,78.401921,FDR-HYD-NORTH-01,TRF-NORTH-04,,,TENSION,Ward-2,500084,DEV-CSV-0231
POL-CSV-0232,17.462193,78.40222,FDR-HYD-NORTH-01,TRF-NORTH-04,,,TENSION,Ward-7,500001,DEV-CSV-0232
POL-CSV-0233,17.462495,78.402466,FDR-HYD-NORTH-01,TRF-NORTH-04,,,SUSPENSION,Ward-9,500084,DEV-CSV-0233
POL-CSV-0234,17.462809,78.402782,FDR-HYD-NORTH-01,TRF-NORTH-04,,,SUSPENSION,Ward-8,500084,DEV-CSV-0234
POL-CSV-0235,17.463056,78.403145,FDR-HYD-NORTH-01,TRF-NORTH-04,,,SUSPENSION,Ward-4,500084,DEV-CSV-0235
POL-CSV-0236,17.463378,78.403353,FDR-HYD-NORTH-01,TRF-NORTH-04,,,SUSPENSION,Ward-2,500001,DEV-CSV-0236
POL-CSV-0237,17.463705,78.403662,FDR-HYD-NORTH-01,TRF-NORTH-04,,,TENSION,Ward-10,500090,DEV-CSV-0237
POL-CSV-0238,17.464033,78.404021,FDR-HYD-NORTH-01,TRF-NORTH-04,,,SUSPENSION,Ward-4,500081,DEV-CSV-0238
POL-CSV-0239,17.46425,78.404288,FDR-HYD-NORTH-01,TRF-NORTH-04,,,SUSPENSION,Ward-4,500090,DEV-CSV-0239
POL-CSV-0240,17.464558,78.404593,FDR-HYD-NORTH-01,TRF-NORTH-04,,,SUSPENSION,Ward-1,500084,DEV-CSV-0240
POL-CSV-0241,17.464892,78.404891,FDR-HYD-NORTH-01,TRF-NORTH-04,,,SUSPENSION,Ward-14,500090,DEV-CSV-0241
POL-CSV-0242,17.465208,78.405221,FDR-HYD-NORTH-01,TRF-NORTH-04,,,SUSPENSION,Ward-11,500090,DEV-CSV-0242
POL-CSV-0243,17.465518,78.405474,FDR-HYD-NORTH-01,TRF-NORTH-04,,,SUSPENSION,Ward-2,500001,DEV-CSV-0243
POL-CSV-0244,17.465846,78.405789,FDR-HYD-NORTH-01,TRF-NORTH-04,,,JUNCTION,Ward-1,500032,DEV-CSV-0244
POL-CSV-0245,17.466061,78.406129,FDR-HYD-NORTH-01,TRF-NORTH-04,,,SUSPENSION,Ward-14,500001,DEV-CSV-0245
POL-CSV-0246,17.46636,78.406352,FDR-HYD-NORTH-01,TRF-NORTH-04,,,TENSION,Ward-11,500090,DEV-CSV-0246
POL-CSV-0247,17.466686,78.406651,FDR-HYD-NORTH-01,TRF-NORTH-04,,,TENSION,Ward-2,500032,
POL-CSV-0248,17.46702,78.407029,FDR-HYD-NORTH-01,TRF-NORTH-04,,,SUSPENSION,Ward-15,500001,DEV-CSV-0248
POL-CSV-0249,17.46727,78.407324,FDR-HYD-NORTH-01,TRF-NORTH-04,,,SUSPENSION,Ward-11,500090,DEV-CSV-0249
POL-CSV-0250,17.467625,78.407636,FDR-HYD-NORTH-01,TRF-NORTH-04,,,JUNCTION,Ward-11,500084,DEV-CSV-0250
POL-CSV-0251,17.467901,78.407896,FDR-HYD-NORTH-01,TRF-NORTH-04,,,SUSPENSION,Ward-9,500032,
POL-CSV-0252,17.468237,78.408221,FDR-HYD-NORTH-01,TRF-NORTH-04,,,SUSPENSION,Ward-13,500090,DEV-CSV-0252
POL-CSV-0253,17.468532,78.408506,FDR-HYD-NORTH-01,TRF-NORTH-04,,,SUSPENSION,Ward-12,500090,
POL-CSV-0254,17.468771,78.408843,FDR-HYD-NORTH-01,TRF-NORTH-04,,,SUSPENSION,Ward-7,500001,DEV-CSV-0254
POL-CSV-0255,17.469056,78.409107,FDR-HYD-NORTH-01,TRF-NORTH-04,,,SUSPENSION,Ward-7,500084,DEV-CSV-0255
POL-CSV-0256,17.469436,78.4094,FDR-HYD-NORTH-01,TRF-NORTH-04,,,TENSION,Ward-14,500084,DEV-CSV-0256
POL-CSV-0257,17.469719,78.409683,FDR-HYD-NORTH-01,TRF-NORTH-04,,,TENSION,Ward-10,500081,DEV-CSV-0257
POL-CSV-0258,17.469984,78.410041,FDR-HYD-NORTH-01,TRF-NORTH-04,,,TENSION,Ward-11,500084,DEV-CSV-0258
POL-CSV-0259,17.470344,78.410314,FDR-HYD-NORTH-01,TRF-NORTH-04,,,SUSPENSION,Ward-2,500084,DEV-CSV-0259
POL-CSV-0260,17.470561,78.410557,FDR-HYD-NORTH-01,TRF-NORTH-04,,,SUSPENSION,Ward-7,500032,DEV-CSV-0260
POL-CSV-0261,17.470887,78.410893,FDR-HYD-NORTH-01,TRF-NORTH-04,,,SUSPENSION,Ward-6,500032,DEV-CSV-0261
POL-CSV-0262,17.471153,78.411225,FDR-HYD-NORTH-01,TRF-NORTH-04,,,JUNCTION,Ward-4,500084,DEV-CSV-0262
POL-CSV-0263,17.471547,78.411466,FDR-HYD-NORTH-01,TRF-NORTH-04,,,SUSPENSION,Ward-9,500090,DEV-CSV-0263
POL-CSV-0264,17.471836,78.411811,FDR-HYD-NORTH-01,TRF-NORTH-04,,,SUSPENSION,Ward-4,500032,DEV-CSV-0264
POL-CSV-0265,17.45635,78.396295,FDR-HYD-NORTH-01,TRF-NORTH-05,,,TRANSFORMER_POLE,Ward-5,500081,DEV-CSV-0265
POL-CSV-0266,17.456594,78.396624,FDR-HYD-NORTH-01,TRF-NORTH-05,,,SUSPENSION,Ward-8,500081,DEV-CSV-0266
POL-CSV-0267,17.456854,78.396919,FDR-HYD-NORTH-01,TRF-NORTH-05,,,SUSPENSION,Ward-4,500032,DEV-CSV-0267
POL-CSV-0268,17.457226,78.397241,FDR-HYD-NORTH-01,TRF-NORTH-05,,,SUSPENSION,Ward-12,500081,
POL-CSV-0269,17.457532,78.397478,FDR-HYD-NORTH-01,TRF-NORTH-05,,,SUSPENSION,Ward-3,500084,DEV-CSV-0269
POL-CSV-0270,17.45778,78.397752,FDR-HYD-NORTH-01,TRF-NORTH-05,,,SUSPENSION,Ward-13,500090,
POL-CSV-0271,17.458095,78.398071,FDR-HYD-NORTH-01,TRF-NORTH-05,,,SUSPENSION,Ward-15,500081,DEV-CSV-0271
POL-CSV-0272,17.458354,78.398398,FDR-HYD-NORTH-01,TRF-NORTH-05,,,SUSPENSION,Ward-9,500081,
POL-CSV-0273,17.458657,78.398673,FDR-HYD-NORTH-01,TRF-NORTH-05,,,TENSION,Ward-6,500090,DEV-CSV-0273
POL-CSV-0274,17.459025,78.399,FDR-HYD-NORTH-01,TRF-NORTH-05,,,SUSPENSION,Ward-8,500001,DEV-CSV-0274
POL-CSV-0275,17.459259,78.399266,FDR-HYD-NORTH-01,TRF-NORTH-05,,,TENSION,Ward-5,500032,DEV-CSV-0275
POL-CSV-0276,17.459608,78.399631,FDR-HYD-NORTH-01,TRF-NORTH-05,,,JUNCTION,Ward-2,500081,DEV-CSV-0276
POL-CSV-0277,17.459932,78.399933,FDR-HYD-NORTH-01,TRF-NORTH-05,,,SUSPENSION,Ward-5,500032,
POL-CSV-0278,17.460243,78.400155,FDR-HYD-NORTH-01,TRF-NORTH-05,,,SUSPENSION,Ward-4,500084,DEV-CSV-0278
POL-CSV-0279,17.460507,78.400457,FDR-HYD-NORTH-01,TRF-NORTH-05,,,SUSPENSION,Ward-9,500032,DEV-CSV-0279
POL-CSV-0280,17.460768,78.400797,FDR-HYD-NORTH-01,TRF-NORTH-05,,,TENSION,Ward-7,500090,
POL-CSV-0281,17.461104,78.401063,FDR-HYD-NORTH-01,TRF-NORTH-05,,,JUNCTION,Ward-6,500090,DEV-CSV-0281
POL-CSV-0282,17.46139,78.401396,FDR-HYD-NORTH-01,TRF-NORTH-05,,,SUSPENSION,Ward-8,500032,
POL-CSV-0283,17.461651,78.401733,FDR-HYD-NORTH-01,TRF-NORTH-05,,,SUSPENSION,Ward-3,500001,DEV-CSV-0283
POL-CSV-0284,17.46204,78.402043,FDR-HYD-NORTH-01,TRF-NORTH-05,,,SUSPENSION,Ward-10,500081,DEV-CSV-0284
POL-CSV-0285,17.462346,78.402257,FDR-HYD-NORTH-01,TRF-NORTH-05,,,SUSPENSION,Ward-3,500081,DEV-CSV-0285
POL-CSV-0286,17.462599,78.402559,FDR-HYD-NORTH-01,TRF-NORTH-05,,,SUSPENSION,Ward-7,500032,DEV-CSV-0286
POL-CSV-0287,17.462882,78.40288,FDR-HYD-NORTH-01,TRF-NORTH-05,,,JUNCTION,Ward-1,500001,DEV-CSV-0287
POL-CSV-0288,17.463233,78.403174,FDR-HYD-NORTH-01,TRF-NORTH-05,,,SUSPENSION,Ward-9,500032,DEV-CSV-0288
POL-CSV-0289,17.463485,78.403499,FDR-HYD-NORTH-01,TRF-NORTH-05,,,SUSPENSION,Ward-11,500081,DEV-CSV-0289
POL-CSV-0290,17.463792,78.403759,FDR-HYD-NORTH-01,TRF-NORTH-05,,,JUNCTION,Ward-2,500081,DEV-CSV-0290
POL-CSV-0291,17.464114,78.404051,FDR-HYD-NORTH-01,TRF-NORTH-05,,,SUSPENSION,Ward-8,500001,DEV-CSV-0291
POL-CSV-0292,17.464361,78.40437,FDR-HYD-NORTH-01,TRF-NORTH-05,,,SUSPENSION,Ward-10,500084,DEV-CSV-0292
POL-CSV-0293,17.464715,78.404718,FDR-HYD-NORTH-01,TRF-NORTH-05,,,TENSION,Ward-5,500001,DEV-CSV-0293
POL-CSV-0294,17.464951,78.405007,FDR-HYD-NORTH-01,TRF-NORTH-05,,,SUSPENSION,Ward-15,500032,DEV-CSV-0294
POL-CSV-0295,17.465252,78.405268,FDR-HYD-NORTH-01,TRF-NORTH-05,,,JUNCTION,Ward-6,500081,DEV-CSV-0295
POL-CSV-0296,17.465596,78.405647,FDR-HYD-NORTH-01,TRF-NORTH-05,,,SUSPENSION,Ward-15,500001,DEV-CSV-0296
POL-CSV-0297,17.465921,78.405911,FDR-HYD-NORTH-01,TRF-NORTH-05,,,SUSPENSION,Ward-11,500032,
POL-CSV-0298,17.46624,78.406204,FDR-HYD-NORTH-01,TRF-NORTH-05,,,TENSION,Ward-15,500090,DEV-CSV-0298
POL-CSV-0299,17.466479,78.406454,FDR-HYD-NORTH-01,TRF-NORTH-05,,,SUSPENSION,Ward-5,500084,DEV-CSV-0299
POL-CSV-0300,17.466801,78.406783,FDR-HYD-NORTH-01,TRF-NORTH-05,,,SUSPENSION,Ward-1,500084,
POL-CSV-0301,17.467142,78.4071,FDR-HYD-NORTH-01,TRF-NORTH-05,,,SUSPENSION,Ward-15,500001,DEV-CSV-0301
POL-CSV-0302,17.467369,78.407374,FDR-HYD-NORTH-01,TRF-NORTH-05,,,JUNCTION,Ward-8,500081,DEV-CSV-0302
POL-CSV-0303,17.467713,78.407739,FDR-HYD-NORTH-01,TRF-NORTH-05,,,SUSPENSION,Ward-5,500084,
POL-CSV-0304,17.467973,78.408028,FDR-HYD-NORTH-01,TRF-NORTH-05,,,TENSION,Ward-15,500084,DEV-CSV-0304
POL-CSV-0305,17.468339,78.408332,FDR-HYD-NORTH-01,TRF-NORTH-05,,,SUSPENSION,Ward-9,500001,DEV-CSV-0305
POL-CSV-0306,17.468641,78.408626,FDR-HYD-NORTH-01,TRF-NORTH-05,,,JUNCTION,Ward-11,500001,DEV-CSV-0306
POL-CSV-0307,17.468942,78.408936,FDR-HYD-NORTH-01,TRF-NORTH-05,,,JUNCTION,Ward-7,500001,DEV-CSV-0307
POL-CSV-0308,17.469195,78.40924,FDR-HYD-NORTH-01,TRF-NORTH-05,,,JUNCTION,Ward-1,500081,DEV-CSV-0308
POL-CSV-0309,17.469528,78.409526,FDR-HYD-NORTH-01,TRF-NORTH-05,,,TENSION,Ward-10,500001,DEV-CSV-0309
POL-CSV-0310,17.469846,78.409764,FDR-HYD-NORTH-01,TRF-NORTH-05,,,SUSPENSION,Ward-3,500032,DEV-CSV-0310
POL-CSV-0311,17.470136,78.410137,FDR-HYD-NORTH-01,TRF-NORTH-05,,,SUSPENSION,Ward-4,500090,DEV-CSV-0311
POL-CSV-0312,17.470367,78.410426,FDR-HYD-NORTH-01,TRF-NORTH-05,,,SUSPENSION,Ward-2,500081,DEV-CSV-0312
POL-CSV-0313,17.470656,78.41066,FDR-HYD-NORTH-01,TRF-NORTH-05,,,TENSION,Ward-12,500001,DEV-CSV-0313
POL-CSV-0314,17.471022,78.410959,FDR-HYD-NORTH-01,TRF-NORTH-05,,,SUSPENSION,Ward-6,500090,DEV-CSV-0314
POL-CSV-0315,17.471317,78.411325,FDR-HYD-NORTH-01,TRF-NORTH-05,,,JUNCTION,Ward-14,500032,DEV-CSV-0315
POL-CSV-0316,17.471567,78.411621,FDR-HYD-NORTH-01,TRF-NORTH-05,,,SUSPENSION,Ward-4,500001,DEV-CSV-0316
POL-CSV-0317,17.471876,78.41193,FDR-HYD-NORTH-01,TRF-NORTH-05,,,SUSPENSION,Ward-4,500090,DEV-CSV-0317
POL-CSV-0318,17.472235,78.41219,FDR-HYD-NORTH-01,TRF-NORTH-05,,,SUSPENSION,Ward-11,500090,DEV-CSV-0318
POL-CSV-0319,17.472542,78.412461,FDR-HYD-NORTH-01,TRF-NORTH-05,,,SUSPENSION,Ward-14,500081,DEV-CSV-0319
POL-CSV-0320,17.472776,78.412808,FDR-HYD-NORTH-01,TRF-NORTH-05,,,JUNCTION,Ward-7,500081,DEV-CSV-0320
POL-CSV-0321,17.473146,78.413076,FDR-HYD-NORTH-01,TRF-NORTH-05,,,SUSPENSION,Ward-15,500090,DEV-CSV-0321
POL-CSV-0322,17.473435,78.413414,FDR-HYD-NORTH-01,TRF-NORTH-05,,,TENSION,Ward-6,500084,DEV-CSV-0322
POL-CSV-0323,17.473696,78.413686,FDR-HYD-NORTH-01,TRF-NORTH-05,,,SUSPENSION,Ward-13,500001,DEV-CSV-0323
POL-CSV-0324,17.473979,78.414037,FDR-HYD-NORTH-01,TRF-NORTH-05,,,TENSION,Ward-5,500001,DEV-CSV-0324
POL-CSV-0325,17.474264,78.414319,FDR-HYD-NORTH-01,TRF-NORTH-05,,,SUSPENSION,Ward-1,500081,DEV-CSV-0325
POL-CSV-0326,17.474562,78.41465,FDR-HYD-NORTH-01,TRF-NORTH-05,,,SUSPENSION,Ward-11,500081,DEV-CSV-0326
POL-CSV-0327,17.47488,78.414869,FDR-HYD-NORTH-01,TRF-NORTH-05,,,SUSPENSION,Ward-1,500081,DEV-CSV-0327
POL-CSV-0328,17.475168,78.41515,FDR-HYD-NORTH-01,TRF-NORTH-05,,,JUNCTION,Ward-4,500032,DEV-CSV-0328
POL-CSV-0329,17.475508,78.415462,FDR-HYD-NORTH-01,TRF-NORTH-05,,,SUSPENSION,Ward-7,500001,DEV-CSV-0329
POL-CSV-0330,17.475803,78.415832,FDR-HYD-NORTH-01,TRF-NORTH-05,,,TENSION,Ward-7,500090,DEV-CSV-0330
POL-CSV-0331,17.385304,78.486254,FDR-HYD-CENTRAL-02,TRF-CENTRAL-01,1,,TRANSFORMER_POLE,Ward-6,500081,DEV-CSV-0331
POL-CSV-0332,17.385642,78.48664,FDR-HYD-CENTRAL-02,TRF-CENTRAL-01,2,POL-CSV-0331,SUSPENSION,Ward-3,500081,
POL-CSV-0333,17.385855,78.486921,FDR-HYD-CENTRAL-02,TRF-CENTRAL-01,3,POL-CSV-0332,SUSPENSION,Ward-3,500084,DEV-CSV-0333
POL-CSV-0334,17.386235,78.487169,FDR-HYD-CENTRAL-02,TRF-CENTRAL-01,4,POL-CSV-0333,TENSION,Ward-1,500090,DEV-CSV-0334
POL-CSV-0335,17.386527,78.487524,FDR-HYD-CENTRAL-02,TRF-CENTRAL-01,5,POL-CSV-0334,SUSPENSION,Ward-13,500001,DEV-CSV-0335
POL-CSV-0336,17.386816,78.487793,FDR-HYD-CENTRAL-02,TRF-CENTRAL-01,6,POL-CSV-0335,SUSPENSION,Ward-8,500084,DEV-CSV-0336
POL-CSV-0337,17.387061,78.488149,FDR-HYD-CENTRAL-02,TRF-CENTRAL-01,7,POL-CSV-0336,JUNCTION,Ward-4,500084,DEV-CSV-0337
POL-CSV-0338,17.387404,78.488399,FDR-HYD-CENTRAL-02,TRF-CENTRAL-01,8,POL-CSV-0337,TENSION,Ward-6,500081,DEV-CSV-0338
POL-CSV-0339,17.387665,78.488711,FDR-HYD-CENTRAL-02,TRF-CENTRAL-01,9,POL-CSV-0338,SUSPENSION,Ward-2,500084,DEV-CSV-0339
POL-CSV-0340,17.388049,78.488979,FDR-HYD-CENTRAL-02,TRF-CENTRAL-01,10,POL-CSV-0339,SUSPENSION,Ward-8,500032,DEV-CSV-0340
POL-CSV-0341,17.388319,78.489306,FDR-HYD-CENTRAL-02,TRF-CENTRAL-01,11,POL-CSV-0340,TENSION,Ward-13,500081,DEV-CSV-0341
POL-CSV-0342,17.388592,78.48963,FDR-HYD-CENTRAL-02,TRF-CENTRAL-01,12,POL-CSV-0341,SUSPENSION,Ward-11,500084,DEV-CSV-0342
POL-CSV-0343,17.388913,78.48994,FDR-HYD-CENTRAL-02,TRF-CENTRAL-01,13,POL-CSV-0342,SUSPENSION,Ward-8,500090,DEV-CSV-0343
POL-CSV-0344,17.389206,78.490215,FDR-HYD-CENTRAL-02,TRF-CENTRAL-01,14,POL-CSV-0343,SUSPENSION,Ward-10,500001,DEV-CSV-0344
POL-CSV-0345,17.389519,78.490459,FDR-HYD-CENTRAL-02,TRF-CENTRAL-01,15,POL-CSV-0344,SUSPENSION,Ward-11,500001,DEV-CSV-0345
POL-CSV-0346,17.389752,78.490805,FDR-HYD-CENTRAL-02,TRF-CENTRAL-01,16,POL-CSV-0345,SUSPENSION,Ward-11,500081,DEV-CSV-0346
POL-CSV-0347,17.390098,78.491091,FDR-HYD-CENTRAL-02,TRF-CENTRAL-01,17,POL-CSV-0346,SUSPENSION,Ward-7,500081,DEV-CSV-0347
POL-CSV-0348,17.390373,78.491373,FDR-HYD-CENTRAL-02,TRF-CENTRAL-01,18,POL-CSV-0347,JUNCTION,Ward-14,500084,DEV-CSV-0348
POL-CSV-0349,17.390675,78.491697,FDR-HYD-CENTRAL-02,TRF-CENTRAL-01,19,POL-CSV-0348,JUNCTION,Ward-9,500090,
POL-CSV-0350,17.390955,78.492005,FDR-HYD-CENTRAL-02,TRF-CENTRAL-01,20,POL-CSV-0349,SUSPENSION,Ward-4,500090,DEV-CSV-0350
POL-CSV-0351,17.391287,78.492274,FDR-HYD-CENTRAL-02,TRF-CENTRAL-01,21,POL-CSV-0350,TENSION,Ward-6,500001,DEV-CSV-0351
POL-CSV-0352,17.391566,78.492564,FDR-HYD-CENTRAL-02,TRF-CENTRAL-01,22,POL-CSV-0351,SUSPENSION,Ward-3,500001,DEV-CSV-0352
POL-CSV-0353,17.391943,78.492855,FDR-HYD-CENTRAL-02,TRF-CENTRAL-01,23,POL-CSV-0352,TENSION,Ward-2,500001,DEV-CSV-0353
POL-CSV-0354,17.392182,78.493203,FDR-HYD-CENTRAL-02,TRF-CENTRAL-01,24,POL-CSV-0353,SUSPENSION,Ward-2,500081,DEV-CSV-0354
POL-CSV-0355,17.392505,78.493491,FDR-HYD-CENTRAL-02,TRF-CENTRAL-01,25,POL-CSV-0354,TENSION,Ward-6,500090,DEV-CSV-0355
POL-CSV-0356,17.392802,78.493771,FDR-HYD-CENTRAL-02,TRF-CENTRAL-01,26,POL-CSV-0355,TENSION,Ward-6,500090,DEV-CSV-0356
POL-CSV-0357,17.393079,78.494084,FDR-HYD-CENTRAL-02,TRF-CENTRAL-01,27,POL-CSV-0356,JUNCTION,Ward-15,500001,DEV-CSV-0357
POL-CSV-0358,17.393369,78.494444,FDR-HYD-CENTRAL-02,TRF-CENTRAL-01,28,POL-CSV-0357,SUSPENSION,Ward-4,500032,DEV-CSV-0358
POL-CSV-0359,17.393685,78.494741,FDR-HYD-CENTRAL-02,TRF-CENTRAL-01,29,POL-CSV-0358,SUSPENSION,Ward-2,500081,
POL-CSV-0360,17.394015,78.495018,FDR-HYD-CENTRAL-02,TRF-CENTRAL-01,30,POL-CSV-0359,SUSPENSION,Ward-13,500032,
POL-CSV-0361,17.394284,78.495328,FDR-HYD-CENTRAL-02,TRF-CENTRAL-01,31,POL-CSV-0360,TENSION,Ward-1,500081,DEV-CSV-0361
POL-CSV-0362,17.394618,78.495645,FDR-HYD-CENTRAL-02,TRF-CENTRAL-01,32,POL-CSV-0361,JUNCTION,Ward-11,500001,DEV-CSV-0362
POL-CSV-0363,17.394861,78.495872,FDR-HYD-CENTRAL-02,TRF-CENTRAL-01,33,POL-CSV-0362,SUSPENSION,Ward-5,500001,DEV-CSV-0363
POL-CSV-0364,17.395168,78.496223,FDR-HYD-CENTRAL-02,TRF-CENTRAL-01,34,POL-CSV-0363,JUNCTION,Ward-9,500090,DEV-CSV-0364
POL-CSV-0365,17.395463,78.496485,FDR-HYD-CENTRAL-02,TRF-CENTRAL-01,35,POL-CSV-0364,TENSION,Ward-4,500001,DEV-CSV-0365
POL-CSV-0366,17.395756,78.49675,FDR-HYD-CENTRAL-02,TRF-CENTRAL-01,36,POL-CSV-0365,SUSPENSION,Ward-15,500084,DEV-CSV-0366
POL-CSV-0367,17.39605,78.497102,FDR-HYD-CENTRAL-02,TRF-CENTRAL-01,37,POL-CSV-0366,SUSPENSION,Ward-15,500001,DEV-CSV-0367
POL-CSV-0368,17.396401,78.497396,FDR-HYD-CENTRAL-02,TRF-CENTRAL-01,38,POL-CSV-0367,TENSION,Ward-12,500084,DEV-CSV-0368
POL-CSV-0369,17.396706,78.497715,FDR-HYD-CENTRAL-02,TRF-CENTRAL-01,39,POL-CSV-0368,SUSPENSION,Ward-13,500081,DEV-CSV-0369
POL-CSV-0370,17.397009,78.498016,FDR-HYD-CENTRAL-02,TRF-CENTRAL-01,40,POL-CSV-0369,JUNCTION,Ward-4,500084,DEV-CSV-0370
POL-CSV-0371,17.397315,78.498271,FDR-HYD-CENTRAL-02,TRF-CENTRAL-01,41,POL-CSV-0370,SUSPENSION,Ward-9,500090,DEV-CSV-0371
POL-CSV-0372,17.39761,78.498584,FDR-HYD-CENTRAL-02,TRF-CENTRAL-01,42,POL-CSV-0371,SUSPENSION,Ward-8,500081,DEV-CSV-0372
POL-CSV-0373,17.397887,78.498876,FDR-HYD-CENTRAL-02,TRF-CENTRAL-01,43,POL-CSV-0372,SUSPENSION,Ward-7,500090,DEV-CSV-0373
POL-CSV-0374,17.398165,78.499174,FDR-HYD-CENTRAL-02,TRF-CENTRAL-01,44,POL-CSV-0373,TENSION,Ward-14,500081,DEV-CSV-0374
POL-CSV-0375,17.398542,78.499543,FDR-HYD-CENTRAL-02,TRF-CENTRAL-01,45,POL-CSV-0374,JUNCTION,Ward-1,500090,DEV-CSV-0375
POL-CSV-0376,17.398843,78.49977,FDR-HYD-CENTRAL-02,TRF-CENTRAL-01,46,POL-CSV-0375,TENSION,Ward-12,500081,DEV-CSV-0376
POL-CSV-0377,17.39908,78.500119,FDR-HYD-CENTRAL-02,TRF-CENTRAL-01,47,POL-CSV-0376,JUNCTION,Ward-6,500084,DEV-CSV-0377
POL-CSV-0378,17.399422,78.500367,FDR-HYD-CENTRAL-02,TRF-CENTRAL-01,48,POL-CSV-0377,SUSPENSION,Ward-7,500032,DEV-CSV-0378
POL-CSV-0379,17.399673,78.5007,FDR-HYD-CENTRAL-02,TRF-CENTRAL-01,49,POL-CSV-0378,JUNCTION,Ward-4,500090,DEV-CSV-0379
POL-CSV-0380,17.399997,78.501019,FDR-HYD-CENTRAL-02,TRF-CENTRAL-01,50,POL-CSV-0379,TENSION,Ward-10,500032,DEV-CSV-0380
POL-CSV-0381,17.400295,78.501336,FDR-HYD-CENTRAL-02,TRF-CENTRAL-01,51,POL-CSV-0380,JUNCTION,Ward-11,500032,DEV-CSV-0381
POL-CSV-0382,17.400644,78.501609,FDR-HYD-CENTRAL-02,TRF-CENTRAL-01,52,POL-CSV-0381,SUSPENSION,Ward-15,500001,DEV-CSV-0382
POL-CSV-0383,17.400911,78.501872,FDR-HYD-CENTRAL-02,TRF-CENTRAL-01,53,POL-CSV-0382,SUSPENSION,Ward-13,500081,DEV-CSV-0383
POL-CSV-0384,17.401219,78.502202,FDR-HYD-CENTRAL-02,TRF-CENTRAL-01,54,POL-CSV-0383,TENSION,Ward-8,500081,DEV-CSV-0384
POL-CSV-0385,17.401527,78.502521,FDR-HYD-CENTRAL-02,TRF-CENTRAL-01,55,POL-CSV-0384,SUSPENSION,Ward-13,500001,DEV-CSV-0385
POL-CSV-0386,17.401754,78.502821,FDR-HYD-CENTRAL-02,TRF-CENTRAL-01,56,POL-CSV-0385,TENSION,Ward-15,500032,DEV-CSV-0386
POL-CSV-0387,17.402067,78.503124,FDR-HYD-CENTRAL-02,TRF-CENTRAL-01,57,POL-CSV-0386,SUSPENSION,Ward-8,500081,DEV-CSV-0387
POL-CSV-0388,17.40235,78.503386,FDR-HYD-CENTRAL-02,TRF-CENTRAL-01,58,POL-CSV-0387,SUSPENSION,Ward-14,500001,DEV-CSV-0388
POL-CSV-0389,17.402658,78.50369,FDR-HYD-CENTRAL-02,TRF-CENTRAL-01,59,POL-CSV-0388,TENSION,Ward-10,500084,DEV-CSV-0389
POL-CSV-0390,17.402995,78.50403,FDR-HYD-CENTRAL-02,TRF-CENTRAL-01,60,POL-CSV-0389,SUSPENSION,Ward-10,500084,DEV-CSV-0390
POL-CSV-0391,17.403311,78.504259,FDR-HYD-CENTRAL-02,TRF-CENTRAL-01,61,POL-CSV-0390,JUNCTION,Ward-5,500032,DEV-CSV-0391
POL-CSV-0392,17.403604,78.504622,FDR-HYD-CENTRAL-02,TRF-CENTRAL-01,62,POL-CSV-0391,TENSION,Ward-11,500032,DEV-CSV-0392
POL-CSV-0393,17.403878,78.504876,FDR-HYD-CENTRAL-02,TRF-CENTRAL-01,63,POL-CSV-0392,TENSION,Ward-3,500081,DEV-CSV-0393
POL-CSV-0394,17.404161,78.50524,FDR-HYD-CENTRAL-02,TRF-CENTRAL-01,64,POL-CSV-0393,TENSION,Ward-13,500001,DEV-CSV-0394
POL-CSV-0395,17.404507,78.505493,FDR-HYD-CENTRAL-02,TRF-CENTRAL-01,65,POL-CSV-0394,TENSION,Ward-13,500081,DEV-CSV-0395
POL-CSV-0396,17.404759,78.505828,FDR-HYD-CENTRAL-02,TRF-CENTRAL-01,66,POL-CSV-0395,SUSPENSION,Ward-5,500090,
POL-CSV-0397,17.389288,78.490311,FDR-HYD-CENTRAL-02,TRF-CENTRAL-02,1,,TRANSFORMER_POLE,Ward-5,500032,DEV-CSV-0397
POL-CSV-0398,17.389631,78.490576,FDR-HYD-CENTRAL-02,TRF-CENTRAL-02,2,POL-CSV-0397,TENSION,Ward-12,500001,DEV-CSV-0398
POL-CSV-0399,17.389894,78.490904,FDR-HYD-CENTRAL-02,TRF-CENTRAL-02,3,POL-CSV-0398,SUSPENSION,Ward-11,500090,DEV-CSV-0399
POL-CSV-0400,17.390171,78.491242,FDR-HYD-CENTRAL-02,TRF-CENTRAL-02,4,POL-CSV-0399,SUSPENSION,Ward-11,500090,DEV-CSV-0400
POL-CSV-0401,17.390536,78.491457,FDR-HYD-CENTRAL-02,TRF-CENTRAL-02,5,POL-CSV-0400,SUSPENSION,Ward-3,500001,DEV-CSV-0401
POL-CSV-0402,17.390778,78.491806,FDR-HYD-CENTRAL-02,TRF-CENTRAL-02,6,POL-CSV-0401,SUSPENSION,Ward-10,500001,DEV-CSV-0402
POL-CSV-0403,17.39105,78.492079,FDR-HYD-CENTRAL-02,TRF-CENTRAL-02,7,POL-CSV-0402,TENSION,Ward-2,500084,DEV-CSV-0403
POL-CSV-0404,17.391432,78.492394,FDR-HYD-CENTRAL-02,TRF-CENTRAL-02,8,POL-CSV-0403,SUSPENSION,Ward-10,500084,
POL-CSV-0405,17.391726,78.492668,FDR-HYD-CENTRAL-02,TRF-CENTRAL-02,9,POL-CSV-0404,SUSPENSION,Ward-4,500032,DEV-CSV-0405
POL-CSV-0406,17.392047,78.492957,FDR-HYD-CENTRAL-02,TRF-CENTRAL-02,10,POL-CSV-0405,JUNCTION,Ward-10,500090,
POL-CSV-0407,17.392346,78.493294,FDR-HYD-CENTRAL-02,TRF-CENTRAL-02,11,POL-CSV-0406,SUSPENSION,Ward-9,500032,DEV-CSV-0407
POL-CSV-0408,17.392564,78.493641,FDR-HYD-CENTRAL-02,TRF-CENTRAL-02,12,POL-CSV-0407,SUSPENSION,Ward-10,500032,DEV-CSV-0408
POL-CSV-0409,17.392914,78.493913,FDR-HYD-CENTRAL-02,TRF-CENTRAL-02,13,POL-CSV-0408,SUSPENSION,Ward-6,500001,DEV-CSV-0409
POL-CSV-0410,17.393177,78.494236,FDR-HYD-CENTRAL-02,TRF-CENTRAL-02,14,POL-CSV-0409,JUNCTION,Ward-6,500032,DEV-CSV-0410
POL-CSV-0411,17.393481,78.494545,FDR-HYD-CENTRAL-02,TRF-CENTRAL-02,15,POL-CSV-0410,SUSPENSION,Ward-5,500081,DEV-CSV-0411
POL-CSV-0412,17.393804,78.494815,FDR-HYD-CENTRAL-02,TRF-CENTRAL-02,16,POL-CSV-0411,SUSPENSION,Ward-13,500090,DEV-CSV-0412
POL-CSV-0413,17.39409,78.495137,FDR-HYD-CENTRAL-02,TRF-CENTRAL-02,17,POL-CSV-0412,SUSPENSION,Ward-14,500084,DEV-CSV-0413
POL-CSV-0414,17.39437,78.495356,FDR-HYD-CENTRAL-02,TRF-CENTRAL-02,18,POL-CSV-0413,TENSION,Ward-12,500090,DEV-CSV-0414
POL-CSV-0415,17.394749,78.495687,FDR-HYD-CENTRAL-02,TRF-CENTRAL-02,19,POL-CSV-0414,SUSPENSION,Ward-5,500001,
POL-CSV-0416,17.39497,78.495955,FDR-HYD-CENTRAL-02,TRF-CENTRAL-02,20,POL-CSV-0415,JUNCTION,Ward-1,500090,DEV-CSV-0416
POL-CSV-0417,17.395257,78.496299,FDR-HYD-CENTRAL-02,TRF-CENTRAL-02,21,POL-CSV-0416,SUSPENSION,Ward-12,500084,DEV-CSV-0417
POL-CSV-0418,17.395559,78.496618,FDR-HYD-CENTRAL-02,TRF-CENTRAL-02,22,POL-CSV-0417,TENSION,Ward-2,500090,DEV-CSV-0418
POL-CSV-0419,17.395919,78.496893,FDR-HYD-CENTRAL-02,TRF-CENTRAL-02,23,POL-CSV-0418,SUSPENSION,Ward-1,500081,DEV-CSV-0419
POL-CSV-0420,17.396237,78.497177,FDR-HYD-CENTRAL-02,TRF-CENTRAL-02,24,POL-CSV-0419,SUSPENSION,Ward-11,500084,DEV-CSV-0420
POL-CSV-0421,17.396532,78.497502,FDR-HYD-CENTRAL-02,TRF-CENTRAL-02,25,POL-CSV-0420,JUNCTION,Ward-11,500001,DEV-CSV-0421
POL-CSV-0422,17.396848,78.497815,FDR-HYD-CENTRAL-02,TRF-CENTRAL-02,26,POL-CSV-0421,TENSION,Ward-11,500084,DEV-CSV-0422
POL-CSV-0423,17.397108,78.498078,FDR-HYD-CENTRAL-02,TRF-CENTRAL-02,27,POL-CSV-0422,JUNCTION,Ward-2,500090,DEV-CSV-0423
POL-CSV-0424,17.397422,78.49841,FDR-HYD-CENTRAL-02,TRF-CENTRAL-02,28,POL-CSV-0423,SUSPENSION,Ward-2,500032,
POL-CSV-0425,17.397733,78.498719,FDR-HYD-CENTRAL-02,TRF-CENTRAL-02,29,POL-CSV-0424,TENSION,Ward-8,500032,DEV-CSV-0425
POL-CSV-0426,17.398034,78.498953,FDR-HYD-CENTRAL-02,TRF-CENTRAL-02,30,POL-CSV-0425,SUSPENSION,Ward-15,500001,DEV-CSV-0426
POL-CSV-0427,17.398308,78.499345,FDR-HYD-CENTRAL-02,TRF-CENTRAL-02,31,POL-CSV-0426,SUSPENSION,Ward-1,500084,DEV-CSV-0427
POL-CSV-0428,17.39862,78.49964,FDR-HYD-CENTRAL-02,TRF-CENTRAL-02,32,POL-CSV-0427,SUSPENSION,Ward-15,500084,DEV-CSV-0428
POL-CSV-0429,17.398941,78.499887,FDR-HYD-CENTRAL-02,TRF-CENTRAL-02,33,POL-CSV-0428,JUNCTION,Ward-10,500090,DEV-CSV-0429
POL-CSV-0430,17.39921,78.500235,FDR-HYD-CENTRAL-02,TRF-CENTRAL-02,34,POL-CSV-0429,TENSION,Ward-5,500084,DEV-CSV-0430
POL-CSV-0431,17.399487,78.500492,FDR-HYD-CENTRAL-02,TRF-CENTRAL-02,35,POL-CSV-0430,SUSPENSION,Ward-11,500032,DEV-CSV-0431
POL-CSV-0432,17.399761,78.500821,FDR-HYD-CENTRAL-02,TRF-CENTRAL-02,36,POL-CSV-0431,SUSPENSION,Ward-8,500032,DEV-CSV-0432
POL-CSV-0433,17.400067,78.5011,FDR-HYD-CENTRAL-02,TRF-CENTRAL-02,37,POL-CSV-0432,SUSPENSION,Ward-5,500032,DEV-CSV-0433
POL-CSV-0434,17.400364,78.501377,FDR-HYD-CENTRAL-02,TRF-CENTRAL-02,38,POL-CSV-0433,JUNCTION,Ward-9,500001,DEV-CSV-0434
POL-CSV-0435,17.40065,78.501677,FDR-HYD-CENTRAL-02,TRF-CENTRAL-02,39,POL-CSV-0434,SUSPENSION,Ward-1,500084,DEV-CSV-0435
POL-CSV-0436,17.401015,78.502021,FDR-HYD-CENTRAL-02,TRF-CENTRAL-02,40,POL-CSV-0435,SUSPENSION,Ward-4,500032,DEV-CSV-0436
POL-CSV-0437,17.401309,78.502258,FDR-HYD-CENTRAL-02,TRF-CENTRAL-02,41,POL-CSV-0436,SUSPENSION,Ward-2,500090,DEV-CSV-0437
POL-CSV-0438,17.401581,78.502626,FDR-HYD-CENTRAL-02,TRF-CENTRAL-02,42,POL-CSV-0437,JUNCTION,Ward-13,500081,
POL-CSV-0439,17.40189,78.502941,FDR-HYD-CENTRAL-02,TRF-CENTRAL-02,43,POL-CSV-0438,TENSION,Ward-8,500081,DEV-CSV-0439
POL-CSV-0440,17.402176,78.503157,FDR-HYD-CENTRAL-02,TRF-CENTRAL-02,44,POL-CSV-0439,SUSPENSION,Ward-13,500001,DEV-CSV-0440
POL-CSV-0441,17.402508,78.503531,FDR-HYD-CENTRAL-02,TRF-CENTRAL-02,45,POL-CSV-0440,SUSPENSION,Ward-8,500001,DEV-CSV-0441
POL-CSV-0442,17.402774,78.503752,FDR-HYD-CENTRAL-02,TRF-CENTRAL-02,46,POL-CSV-0441,JUNCTION,Ward-5,500032,DEV-CSV-0442
POL-CSV-0443,17.403108,78.504149,FDR-HYD-CENTRAL-02,TRF-CENTRAL-02,47,POL-CSV-0442,SUSPENSION,Ward-3,500084,DEV-CSV-0443
POL-CSV-0444,17.403403,78.504354,FDR-HYD-CENTRAL-02,TRF-CENTRAL-02,48,POL-CSV-0443,SUSPENSION,Ward-9,500081,DEV-CSV-0444
POL-CSV-0445,17.403701,78.504678,FDR-HYD-CENTRAL-02,TRF-CENTRAL-02,49,POL-CSV-0444,SUSPENSION,Ward-13,500090,DEV-CSV-0445
POL-CSV-0446,17.403962,78.504983,FDR-HYD-CENTRAL-02,TRF-CENTRAL-02,50,POL-CSV-0445,SUSPENSION,Ward-9,500081,
POL-CSV-0447,17.404311,78.505346,FDR-HYD-CENTRAL-02,TRF-CENTRAL-02,51,POL-CSV-0446,SUSPENSION,Ward-8,500084,DEV-CSV-0447
POL-CSV-0448,17.404646,78.505635,FDR-HYD-CENTRAL-02,TRF-CENTRAL-02,52,POL-CSV-0447,JUNCTION,Ward-15,500090,DEV-CSV-0448
POL-CSV-0449,17.404913,78.505936,FDR-HYD-CENTRAL-02,TRF-CENTRAL-02,53,POL-CSV-0448,SUSPENSION,Ward-13,500001,DEV-CSV-0449
POL-CSV-0450,17.405192,78.506217,FDR-HYD-CENTRAL-02,TRF-CENTRAL-02,54,POL-CSV-0449,JUNCTION,Ward-15,500001,DEV-CSV-0450
POL-CSV-0451,17.40547,78.506522,FDR-HYD-CENTRAL-02,TRF-CENTRAL-02,55,POL-CSV-0450,SUSPENSION,Ward-14,500081,DEV-CSV-0451
POL-CSV-0452,17.405846,78.506784,FDR-HYD-CENTRAL-02,TRF-CENTRAL-02,56,POL-CSV-0451,SUSPENSION,Ward-8,500090,DEV-CSV-0452
POL-CSV-0453,17.406135,78.507104,FDR-HYD-CENTRAL-02,TRF-CENTRAL-02,57,POL-CSV-0452,SUSPENSION,Ward-4,500084,DEV-CSV-0453
POL-CSV-0454,17.406438,78.507409,FDR-HYD-CENTRAL-02,TRF-CENTRAL-02,58,POL-CSV-0453,SUSPENSION,Ward-10,500001,DEV-CSV-0454
POL-CSV-0455,17.406681,78.50769,FDR-HYD-CENTRAL-02,TRF-CENTRAL-02,59,POL-CSV-0454,JUNCTION,Ward-12,500090,DEV-CSV-0455
POL-CSV-0456,17.406995,78.508003,FDR-HYD-CENTRAL-02,TRF-CENTRAL-02,60,POL-CSV-0455,TENSION,Ward-13,500084,DEV-CSV-0456
POL-CSV-0457,17.407331,78.508343,FDR-HYD-CENTRAL-02,TRF-CENTRAL-02,61,POL-CSV-0456,SUSPENSION,Ward-2,500090,DEV-CSV-0457
POL-CSV-0458,17.407598,78.50855,FDR-HYD-CENTRAL-02,TRF-CENTRAL-02,62,POL-CSV-0457,TENSION,Ward-9,500084,DEV-CSV-0458
POL-CSV-0459,17.407902,78.508928,FDR-HYD-CENTRAL-02,TRF-CENTRAL-02,63,POL-CSV-0458,TENSION,Ward-2,500081,DEV-CSV-0459
POL-CSV-0460,17.408234,78.50919,FDR-HYD-CENTRAL-02,TRF-CENTRAL-02,64,POL-CSV-0459,TENSION,Ward-7,500032,DEV-CSV-0460
POL-CSV-0461,17.408485,78.509513,FDR-HYD-CENTRAL-02,TRF-CENTRAL-02,65,POL-CSV-0460,SUSPENSION,Ward-9,500081,DEV-CSV-0461
POL-CSV-0462,17.408819,78.509757,FDR-HYD-CENTRAL-02,TRF-CENTRAL-02,66,POL-CSV-0461,SUSPENSION,Ward-15,500081,DEV-CSV-0462
POL-CSV-0463,17.39334,78.494338,FDR-HYD-CENTRAL-02,TRF-CENTRAL-03,,,TRANSFORMER_POLE,Ward-6,500090,DEV-CSV-0463
POL-CSV-0464,17.393566,78.494557,FDR-HYD-CENTRAL-02,TRF-CENTRAL-03,,,SUSPENSION,Ward-9,500032,DEV-CSV-0464
POL-CSV-0465,17.393852,78.494943,FDR-HYD-CENTRAL-02,TRF-CENTRAL-03,,,JUNCTION,Ward-1,500001,DEV-CSV-0465
POL-CSV-0466,17.394232,78.495203,FDR-HYD-CENTRAL-02,TRF-CENTRAL-03,,,SUSPENSION,Ward-15,500081,DEV-CSV-0466
POL-CSV-0467,17.394465,78.495536,FDR-HYD-CENTRAL-02,TRF-CENTRAL-03,,,SUSPENSION,Ward-4,500081,DEV-CSV-0467
POL-CSV-0468,17.39479,78.49578,FDR-HYD-CENTRAL-02,TRF-CENTRAL-03,,,SUSPENSION,Ward-9,500001,DEV-CSV-0468
POL-CSV-0469,17.395127,78.496123,FDR-HYD-CENTRAL-02,TRF-CENTRAL-03,,,SUSPENSION,Ward-8,500081,DEV-CSV-0469
POL-CSV-0470,17.395443,78.496411,FDR-HYD-CENTRAL-02,TRF-CENTRAL-03,,,TENSION,Ward-3,500001,DEV-CSV-0470
POL-CSV-0471,17.395704,78.496703,FDR-HYD-CENTRAL-02,TRF-CENTRAL-03,,,SUSPENSION,Ward-7,500081,DEV-CSV-0471
POL-CSV-0472,17.396023,78.497006,FDR-HYD-CENTRAL-02,TRF-CENTRAL-03,,,JUNCTION,Ward-15,500090,DEV-CSV-0472
POL-CSV-0473,17.396253,78.497306,FDR-HYD-CENTRAL-02,TRF-CENTRAL-03,,,TENSION,Ward-8,500032,DEV-CSV-0473
POL-CSV-0474,17.396574,78.49757,FDR-HYD-CENTRAL-02,TRF-CENTRAL-03,,,TENSION,Ward-1,500090,DEV-CSV-0474
POL-CSV-0475,17.3969,78.497893,FDR-HYD-CENTRAL-02,TRF-CENTRAL-03,,,SUSPENSION,Ward-11,500032,DEV-CSV-0475
POL-CSV-0476,17.397233,78.498185,FDR-HYD-CENTRAL-02,TRF-CENTRAL-03,,,JUNCTION,Ward-2,500081,DEV-CSV-0476
POL-CSV-0477,17.397457,78.498488,FDR-HYD-CENTRAL-02,TRF-CENTRAL-03,,,SUSPENSION,Ward-8,500090,DEV-CSV-0477
POL-CSV-0478,17.397808,78.498832,FDR-HYD-CENTRAL-02,TRF-CENTRAL-03,,,SUSPENSION,Ward-14,500084,DEV-CSV-0478
POL-CSV-0479,17.398079,78.499061,FDR-HYD-CENTRAL-02,TRF-CENTRAL-03,,,JUNCTION,Ward-10,500001,DEV-CSV-0479
POL-CSV-0480,17.398389,78.499374,FDR-HYD-CENTRAL-02,TRF-CENTRAL-03,,,TENSION,Ward-3,500084,
POL-CSV-0481,17.398709,78.499741,FDR-HYD-CENTRAL-02,TRF-CENTRAL-03,,,SUSPENSION,Ward-2,500032,DEV-CSV-0481
POL-CSV-0482,17.399003,78.499984,FDR-HYD-CENTRAL-02,TRF-CENTRAL-03,,,SUSPENSION,Ward-11,500081,DEV-CSV-0482
POL-CSV-0483,17.399266,78.500265,FDR-HYD-CENTRAL-02,TRF-CENTRAL-03,,,TENSION,Ward-6,500001,DEV-CSV-0483
POL-CSV-0484,17.399616,78.500608,FDR-HYD-CENTRAL-02,TRF-CENTRAL-03,,,SUSPENSION,Ward-4,500090,DEV-CSV-0484
POL-CSV-0485,17.399905,78.500925,FDR-HYD-CENTRAL-02,TRF-CENTRAL-03,,,SUSPENSION,Ward-15,500001,DEV-CSV-0485
POL-CSV-0486,17.400237,78.501182,FDR-HYD-CENTRAL-02,TRF-CENTRAL-03,,,SUSPENSION,Ward-6,500084,DEV-CSV-0486
POL-CSV-0487,17.400493,78.501547,FDR-HYD-CENTRAL-02,TRF-CENTRAL-03,,,SUSPENSION,Ward-3,500032,DEV-CSV-0487
POL-CSV-0488,17.400765,78.501827,FDR-HYD-CENTRAL-02,TRF-CENTRAL-03,,,JUNCTION,Ward-2,500081,DEV-CSV-0488
POL-CSV-0489,17.401081,78.502142,FDR-HYD-CENTRAL-02,TRF-CENTRAL-03,,,JUNCTION,Ward-5,500032,DEV-CSV-0489
POL-CSV-0490,17.401385,78.502427,FDR-HYD-CENTRAL-02,TRF-CENTRAL-03,,,SUSPENSION,Ward-4,500090,DEV-CSV-0490
POL-CSV-0491,17.401699,78.50274,FDR-HYD-CENTRAL-02,TRF-CENTRAL-03,,,TENSION,Ward-14,500001,DEV-CSV-0491
POL-CSV-0492,17.401954,78.502959,FDR-HYD-CENTRAL-02,TRF-CENTRAL-03,,,SUSPENSION,Ward-8,500084,DEV-CSV-0492
POL-CSV-0493,17.402294,78.503334,FDR-HYD-CENTRAL-02,TRF-CENTRAL-03,,,SUSPENSION,Ward-2,500032,DEV-CSV-0493
POL-CSV-0494,17.402625,78.503646,FDR-HYD-CENTRAL-02,TRF-CENTRAL-03,,,SUSPENSION,Ward-6,500032,DEV-CSV-0494
POL-CSV-0495,17.402907,78.503868,FDR-HYD-CENTRAL-02,TRF-CENTRAL-03,,,JUNCTION,Ward-11,500081,DEV-CSV-0495
POL-CSV-0496,17.403182,78.50417,FDR-HYD-CENTRAL-02,TRF-CENTRAL-03,,,TENSION,Ward-1,500081,DEV-CSV-0496
POL-CSV-0497,17.403518,78.504488,FDR-HYD-CENTRAL-02,TRF-CENTRAL-03,,,TENSION,Ward-1,500090,DEV-CSV-0497
POL-CSV-0498,17.403812,78.504753,FDR-HYD-CENTRAL-02,TRF-CENTRAL-03,,,JUNCTION,Ward-14,500084,DEV-CSV-0498
POL-CSV-0499,17.404075,78.505068,FDR-HYD-CENTRAL-02,TRF-CENTRAL-03,,,SUSPENSION,Ward-2,500081,DEV-CSV-0499
POL-CSV-0500,17.404357,78.505426,FDR-HYD-CENTRAL-02,TRF-CENTRAL-03,,,JUNCTION,Ward-7,500090,DEV-CSV-0500
POL-CSV-0501,17.404652,78.505748,FDR-HYD-CENTRAL-02,TRF-CENTRAL-03,,,SUSPENSION,Ward-12,500090,DEV-CSV-0501
POL-CSV-0502,17.405024,78.505953,FDR-HYD-CENTRAL-02,TRF-CENTRAL-03,,,TENSION,Ward-2,500001,DEV-CSV-0502
POL-CSV-0503,17.40534,78.506343,FDR-HYD-CENTRAL-02,TRF-CENTRAL-03,,,SUSPENSION,Ward-14,500084,DEV-CSV-0503
POL-CSV-0504,17.405649,78.506558,FDR-HYD-CENTRAL-02,TRF-CENTRAL-03,,,SUSPENSION,Ward-7,500081,
POL-CSV-0505,17.405903,78.506868,FDR-HYD-CENTRAL-02,TRF-CENTRAL-03,,,SUSPENSION,Ward-11,500090,DEV-CSV-0505
POL-CSV-0506,17.406229,78.507235,FDR-HYD-CENTRAL-02,TRF-CENTRAL-03,,,JUNCTION,Ward-5,500001,DEV-CSV-0506
POL-CSV-0507,17.406472,78.507457,FDR-HYD-CENTRAL-02,TRF-CENTRAL-03,,,SUSPENSION,Ward-4,500001,DEV-CSV-0507
POL-CSV-0508,17.40675,78.507751,FDR-HYD-CENTRAL-02,TRF-CENTRAL-03,,,TENSION,Ward-13,500090,DEV-CSV-0508
POL-CSV-0509,17.407063,78.508122,FDR-HYD-CENTRAL-02,TRF-CENTRAL-03,,,JUNCTION,Ward-9,500084,DEV-CSV-0509
POL-CSV-0510,17.407354,78.508419,FDR-HYD-CENTRAL-02,TRF-CENTRAL-03,,,SUSPENSION,Ward-5,500081,DEV-CSV-0510
POL-CSV-0511,17.407667,78.508736,FDR-HYD-CENTRAL-02,TRF-CENTRAL-03,,,SUSPENSION,Ward-1,500084,DEV-CSV-0511
POL-CSV-0512,17.408016,78.509022,FDR-HYD-CENTRAL-02,TRF-CENTRAL-03,,,SUSPENSION,Ward-13,500084,DEV-CSV-0512
POL-CSV-0513,17.408336,78.509259,FDR-HYD-CENTRAL-02,TRF-CENTRAL-03,,,TENSION,Ward-13,500081,DEV-CSV-0513
POL-CSV-0514,17.408612,78.509616,FDR-HYD-CENTRAL-02,TRF-CENTRAL-03,,,JUNCTION,Ward-10,500081,DEV-CSV-0514
POL-CSV-0515,17.408908,78.509912,FDR-HYD-CENTRAL-02,TRF-CENTRAL-03,,,JUNCTION,Ward-15,500090,DEV-CSV-0515
POL-CSV-0516,17.409174,78.510177,FDR-HYD-CENTRAL-02,TRF-CENTRAL-03,,,JUNCTION,Ward-14,500032,
POL-CSV-0517,17.409546,78.510467,FDR-HYD-CENTRAL-02,TRF-CENTRAL-03,,,JUNCTION,Ward-1,500001,
POL-CSV-0518,17.409849,78.510827,FDR-HYD-CENTRAL-02,TRF-CENTRAL-03,,,JUNCTION,Ward-15,500032,DEV-CSV-0518
POL-CSV-0519,17.410087,78.511126,FDR-HYD-CENTRAL-02,TRF-CENTRAL-03,,,SUSPENSION,Ward-12,500084,DEV-CSV-0519
POL-CSV-0520,17.410395,78.511353,FDR-HYD-CENTRAL-02,TRF-CENTRAL-03,,,SUSPENSION,Ward-15,500001,DEV-CSV-0520
POL-CSV-0521,17.410656,78.511709,FDR-HYD-CENTRAL-02,TRF-CENTRAL-03,,,JUNCTION,Ward-9,500084,DEV-CSV-0521
POL-CSV-0522,17.410954,78.511997,FDR-HYD-CENTRAL-02,TRF-CENTRAL-03,,,JUNCTION,Ward-13,500032,DEV-CSV-0522
POL-CSV-0523,17.411286,78.512259,FDR-HYD-CENTRAL-02,TRF-CENTRAL-03,,,SUSPENSION,Ward-15,500090,DEV-CSV-0523
POL-CSV-0524,17.41163,78.512557,FDR-HYD-CENTRAL-02,TRF-CENTRAL-03,,,SUSPENSION,Ward-1,500032,DEV-CSV-0524
POL-CSV-0525,17.411881,78.512878,FDR-HYD-CENTRAL-02,TRF-CENTRAL-03,,,SUSPENSION,Ward-11,500090,DEV-CSV-0525
POL-CSV-0526,17.412225,78.513151,FDR-HYD-CENTRAL-02,TRF-CENTRAL-03,,,SUSPENSION,Ward-10,500001,DEV-CSV-0526
POL-CSV-0527,17.412506,78.513452,FDR-HYD-CENTRAL-02,TRF-CENTRAL-03,,,TENSION,Ward-6,500090,DEV-CSV-0527
POL-CSV-0528,17.412806,78.513794,FDR-HYD-CENTRAL-02,TRF-CENTRAL-03,,,TENSION,Ward-1,500084,DEV-CSV-0528
POL-CSV-0529,17.397347,78.498332,FDR-HYD-CENTRAL-02,TRF-CENTRAL-04,,,TRANSFORMER_POLE,Ward-14,500081,DEV-CSV-0529
POL-CSV-0530,17.397646,78.49861,FDR-HYD-CENTRAL-02,TRF-CENTRAL-04,,,TENSION,Ward-11,500084,DEV-CSV-0530
POL-CSV-0531,17.397899,78.498892,FDR-HYD-CENTRAL-02,TRF-CENTRAL-04,,,SUSPENSION,Ward-7,500084,DEV-CSV-0531
POL-CSV-0532,17.398239,78.49922,FDR-HYD-CENTRAL-02,TRF-CENTRAL-04,,,SUSPENSION,Ward-10,500084,DEV-CSV-0532
POL-CSV-0533,17.398539,78.499475,FDR-HYD-CENTRAL-02,TRF-CENTRAL-04,,,SUSPENSION,Ward-14,500001,DEV-CSV-0533
POL-CSV-0534,17.398786,78.499775,FDR-HYD-CENTRAL-02,TRF-CENTRAL-04,,,TENSION,Ward-3,500001,
POL-CSV-0535,17.399071,78.500083,FDR-HYD-CENTRAL-02,TRF-CENTRAL-04,,,JUNCTION,Ward-12,500084,
POL-CSV-0536,17.399389,78.500404,FDR-HYD-CENTRAL-02,TRF-CENTRAL-04,,,TENSION,Ward-1,500084,
POL-CSV-0537,17.399686,78.500657,FDR-HYD-CENTRAL-02,TRF-CENTRAL-04,,,TENSION,Ward-5,500084,DEV-CSV-0537
POL-CSV-0538,17.39998,78.501032,FDR-HYD-CENTRAL-02,TRF-CENTRAL-04,,,JUNCTION,Ward-3,500032,DEV-CSV-0538
POL-CSV-0539,17.400262,78.501267,FDR-HYD-CENTRAL-02,TRF-CENTRAL-04,,,SUSPENSION,Ward-3,500090,
POL-CSV-0540,17.400568,78.501559,FDR-HYD-CENTRAL-02,TRF-CENTRAL-04,,,SUSPENSION,Ward-4,500081,DEV-CSV-0540
POL-CSV-0541,17.400889,78.501913,FDR-HYD-CENTRAL-02,TRF-CENTRAL-04,,,SUSPENSION,Ward-14,500001,DEV-CSV-0541
POL-CSV-0542,17.401231,78.50215,FDR-HYD-CENTRAL-02,TRF-CENTRAL-04,,,SUSPENSION,Ward-15,500084,DEV-CSV-0542
POL-CSV-0543,17.401496,78.502453,FDR-HYD-CENTRAL-02,TRF-CENTRAL-04,,,SUSPENSION,Ward-3,500001,DEV-CSV-0543
POL-CSV-0544,17.40182,78.50276,FDR-HYD-CENTRAL-02,TRF-CENTRAL-04,,,SUSPENSION,Ward-1,500090,DEV-CSV-0544
POL-CSV-0545,17.402052,78.503072,FDR-HYD-CENTRAL-02,TRF-CENTRAL-04,,,SUSPENSION,Ward-15,500032,DEV-CSV-0545
POL-CSV-0546,17.40241,78.503392,FDR-HYD-CENTRAL-02,TRF-CENTRAL-04,,,JUNCTION,Ward-12,500084,DEV-CSV-0546
POL-CSV-0547,17.402685,78.503709,FDR-HYD-CENTRAL-02,TRF-CENTRAL-04,,,SUSPENSION,Ward-6,500090,DEV-CSV-0547
POL-CSV-0548,17.402952,78.504046,FDR-HYD-CENTRAL-02,TRF-CENTRAL-04,,,SUSPENSION,Ward-4,500084,DEV-CSV-0548
POL-CSV-0549,17.403295,78.504278,FDR-HYD-CENTRAL-02,TRF-CENTRAL-04,,,SUSPENSION,Ward-9,500032,DEV-CSV-0549
POL-CSV-0550,17.403621,78.504597,FDR-HYD-CENTRAL-02,TRF-CENTRAL-04,,,TENSION,Ward-5,500090,DEV-CSV-0550
POL-CSV-0551,17.403925,78.504918,FDR-HYD-CENTRAL-02,TRF-CENTRAL-04,,,SUSPENSION,Ward-4,500084,DEV-CSV-0551
POL-CSV-0552,17.404248,78.505186,FDR-HYD-CENTRAL-02,TRF-CENTRAL-04,,,TENSION,Ward-9,500001,DEV-CSV-0552
POL-CSV-0553,17.404475,78.505486,FDR-HYD-CENTRAL-02,TRF-CENTRAL-04,,,SUSPENSION,Ward-12,500032,DEV-CSV-0553
POL-CSV-0554,17.404811,78.505785,FDR-HYD-CENTRAL-02,TRF-CENTRAL-04,,,SUSPENSION,Ward-3,500001,DEV-CSV-0554
POL-CSV-0555,17.405053,78.506143,FDR-HYD-CENTRAL-02,TRF-CENTRAL-04,,,SUSPENSION,Ward-5,500081,DEV-CSV-0555
POL-CSV-0556,17.405443,78.50643,FDR-HYD-CENTRAL-02,TRF-CENTRAL-04,,,JUNCTION,Ward-2,500090,DEV-CSV-0556
POL-CSV-0557,17.405736,78.506682,FDR-HYD-CENTRAL-02,TRF-CENTRAL-04,,,JUNCTION,Ward-15,500032,
POL-CSV-0558,17.406001,78.506991,FDR-HYD-CENTRAL-02,TRF-CENTRAL-04,,,SUSPENSION,Ward-7,500090,DEV-CSV-0558
POL-CSV-0559,17.406338,78.507274,FDR-HYD-CENTRAL-02,TRF-CENTRAL-04,,,SUSPENSION,Ward-3,500090,DEV-CSV-0559
POL-CSV-0560,17.406638,78.507559,FDR-HYD-CENTRAL-02,TRF-CENTRAL-04,,,JUNCTION,Ward-4,500081,DEV-CSV-0560
POL-CSV-0561,17.406868,78.507929,FDR-HYD-CENTRAL-02,TRF-CENTRAL-04,,,SUSPENSION,Ward-7,500084,DEV-CSV-0561
POL-CSV-0562,17.407241,78.508167,FDR-HYD-CENTRAL-02,TRF-CENTRAL-04,,,TENSION,Ward-11,500090,DEV-CSV-0562
POL-CSV-0563,17.407486,78.50854,FDR-HYD-CENTRAL-02,TRF-CENTRAL-04,,,SUSPENSION,Ward-12,500081,DEV-CSV-0563
POL-CSV-0564,17.407758,78.508812,FDR-HYD-CENTRAL-02,TRF-CENTRAL-04,,,SUSPENSION,Ward-10,500081,DEV-CSV-0564
POL-CSV-0565,17.408136,78.509083,FDR-HYD-CENTRAL-02,TRF-CENTRAL-04,,,TENSION,Ward-13,500032,DEV-CSV-0565
POL-CSV-0566,17.408415,78.509401,FDR-HYD-CENTRAL-02,TRF-CENTRAL-04,,,TENSION,Ward-12,500090,DEV-CSV-0566
POL-CSV-0567,17.408689,78.509663,FDR-HYD-CENTRAL-02,TRF-CENTRAL-04,,,JUNCTION,Ward-9,500001,
POL-CSV-0568,17.409039,78.51004,FDR-HYD-CENTRAL-02,TRF-CENTRAL-04,,,TENSION,Ward-5,500084,DEV-CSV-0568
POL-CSV-0569,17.409291,78.510272,FDR-HYD-CENTRAL-02,TRF-CENTRAL-04,,,JUNCTION,Ward-12,500081,DEV-CSV-0569
POL-CSV-0570,17.40963,78.510629,FDR-HYD-CENTRAL-02,TRF-CENTRAL-04,,,SUSPENSION,Ward-15,500001,DEV-CSV-0570
POL-CSV-0571,17.409895,78.510854,FDR-HYD-CENTRAL-02,TRF-CENTRAL-04,,,TENSION,Ward-15,500090,DEV-CSV-0571
POL-CSV-0572,17.410246,78.511178,FDR-HYD-CENTRAL-02,TRF-CENTRAL-04,,,JUNCTION,Ward-2,500084,DEV-CSV-0572
POL-CSV-0573,17.410487,78.511482,FDR-HYD-CENTRAL-02,TRF-CENTRAL-04,,,SUSPENSION,Ward-7,500081,DEV-CSV-0573
POL-CSV-0574,17.410792,78.511767,FDR-HYD-CENTRAL-02,TRF-CENTRAL-04,,,SUSPENSION,Ward-13,500090,
POL-CSV-0575,17.41108,78.512077,FDR-HYD-CENTRAL-02,TRF-CENTRAL-04,,,SUSPENSION,Ward-10,500032,DEV-CSV-0575
POL-CSV-0576,17.411389,78.512407,FDR-HYD-CENTRAL-02,TRF-CENTRAL-04,,,SUSPENSION,Ward-10,500084,DEV-CSV-0576
POL-CSV-0577,17.411658,78.512683,FDR-HYD-CENTRAL-02,TRF-CENTRAL-04,,,SUSPENSION,Ward-9,500032,DEV-CSV-0577
POL-CSV-0578,17.412029,78.513044,FDR-HYD-CENTRAL-02,TRF-CENTRAL-04,,,SUSPENSION,Ward-11,500084,DEV-CSV-0578
POL-CSV-0579,17.412265,78.513322,FDR-HYD-CENTRAL-02,TRF-CENTRAL-04,,,SUSPENSION,Ward-4,500001,
POL-CSV-0580,17.412593,78.51363,FDR-HYD-CENTRAL-02,TRF-CENTRAL-04,,,SUSPENSION,Ward-5,500081,DEV-CSV-0580
POL-CSV-0581,17.412927,78.513942,FDR-HYD-CENTRAL-02,TRF-CENTRAL-04,,,SUSPENSION,Ward-14,500084,DEV-CSV-0581
POL-CSV-0582,17.413231,78.514249,FDR-HYD-CENTRAL-02,TRF-CENTRAL-04,,,TENSION,Ward-2,500081,DEV-CSV-0582
POL-CSV-0583,17.413489,78.514483,FDR-HYD-CENTRAL-02,TRF-CENTRAL-04,,,SUSPENSION,Ward-1,500090,DEV-CSV-0583
POL-CSV-0584,17.41381,78.514792,FDR-HYD-CENTRAL-02,TRF-CENTRAL-04,,,SUSPENSION,Ward-12,500001,DEV-CSV-0584
POL-CSV-0585,17.414108,78.515135,FDR-HYD-CENTRAL-02,TRF-CENTRAL-04,,,TENSION,Ward-9,500081,DEV-CSV-0585
POL-CSV-0586,17.414438,78.515365,FDR-HYD-CENTRAL-02,TRF-CENTRAL-04,,,SUSPENSION,Ward-9,500032,DEV-CSV-0586
POL-CSV-0587,17.414745,78.515682,FDR-HYD-CENTRAL-02,TRF-CENTRAL-04,,,TENSION,Ward-11,500090,DEV-CSV-0587
POL-CSV-0588,17.414951,78.515998,FDR-HYD-CENTRAL-02,TRF-CENTRAL-04,,,JUNCTION,Ward-11,500090,DEV-CSV-0588
POL-CSV-0589,17.415285,78.516288,FDR-HYD-CENTRAL-02,TRF-CENTRAL-04,,,SUSPENSION,Ward-8,500084,DEV-CSV-0589
POL-CSV-0590,17.415647,78.5166,FDR-HYD-CENTRAL-02,TRF-CENTRAL-04,,,JUNCTION,Ward-13,500081,
POL-CSV-0591,17.415856,78.516876,FDR-HYD-CENTRAL-02,TRF-CENTRAL-04,,,TENSION,Ward-6,500081,
POL-CSV-0592,17.416198,78.517225,FDR-HYD-CENTRAL-02,TRF-CENTRAL-04,,,SUSPENSION,Ward-4,500081,DEV-CSV-0592
POL-CSV-0593,17.416479,78.51747,FDR-HYD-CENTRAL-02,TRF-CENTRAL-04,,,SUSPENSION,Ward-1,500032,DEV-CSV-0593
POL-CSV-0594,17.41683,78.517835,FDR-HYD-CENTRAL-02,TRF-CENTRAL-04,,,JUNCTION,Ward-15,500032,DEV-CSV-0594
POL-CSV-0595,17.401319,78.502329,FDR-HYD-CENTRAL-02,TRF-CENTRAL-05,,,TRANSFORMER_POLE,Ward-14,500084,DEV-CSV-0595
POL-CSV-0596,17.401567,78.502599,FDR-HYD-CENTRAL-02,TRF-CENTRAL-05,,,TENSION,Ward-1,500090,DEV-CSV-0596
POL-CSV-0597,17.40188,78.502893,FDR-HYD-CENTRAL-02,TRF-CENTRAL-05,,,SUSPENSION,Ward-4,500084,DEV-CSV-0597
POL-CSV-0598,17.40219,78.503236,FDR-HYD-CENTRAL-02,TRF-CENTRAL-05,,,JUNCTION,Ward-7,500032,DEV-CSV-0598
POL-CSV-0599,17.402505,78.503456,FDR-HYD-CENTRAL-02,TRF-CENTRAL-05,,,TENSION,Ward-13,500090,DEV-CSV-0599
POL-CSV-0600,17.402782,78.503831,FDR-HYD-CENTRAL-02,TRF-CENTRAL-05,,,JUNCTION,Ward-2,500090,DEV-CSV-0600
POL-CSV-0601,17.403095,78.50411,FDR-HYD-CENTRAL-02,TRF-CENTRAL-05,,,TENSION,Ward-8,500032,DEV-CSV-0601
POL-CSV-0602,17.403395,78.504383,FDR-HYD-CENTRAL-02,TRF-CENTRAL-05,,,TENSION,Ward-8,500084,DEV-CSV-0602
POL-CSV-0603,17.403675,78.504689,FDR-HYD-CENTRAL-02,TRF-CENTRAL-05,,,JUNCTION,Ward-10,500081,DEV-CSV-0603
POL-CSV-0604,17.404043,78.505027,FDR-HYD-CENTRAL-02,TRF-CENTRAL-05,,,SUSPENSION,Ward-15,500001,DEV-CSV-0604
POL-CSV-0605,17.404309,78.505253,FDR-HYD-CENTRAL-02,TRF-CENTRAL-05,,,TENSION,Ward-4,500081,DEV-CSV-0605
POL-CSV-0606,17.404626,78.505635,FDR-HYD-CENTRAL-02,TRF-CENTRAL-05,,,JUNCTION,Ward-8,500090,DEV-CSV-0606
POL-CSV-0607,17.404868,78.505929,FDR-HYD-CENTRAL-02,TRF-CENTRAL-05,,,SUSPENSION,Ward-12,500032,
POL-CSV-0608,17.405205,78.506198,FDR-HYD-CENTRAL-02,TRF-CENTRAL-05,,,SUSPENSION,Ward-12,500001,DEV-CSV-0608
POL-CSV-0609,17.405509,78.506501,FDR-HYD-CENTRAL-02,TRF-CENTRAL-05,,,SUSPENSION,Ward-11,500032,DEV-CSV-0609
POL-CSV-0610,17.405791,78.506824,FDR-HYD-CENTRAL-02,TRF-CENTRAL-05,,,JUNCTION,Ward-14,500081,DEV-CSV-0610
POL-CSV-0611,17.406057,78.507054,FDR-HYD-CENTRAL-02,TRF-CENTRAL-05,,,SUSPENSION,Ward-11,500090,DEV-CSV-0611
POL-CSV-0612,17.406414,78.507393,FDR-HYD-CENTRAL-02,TRF-CENTRAL-05,,,JUNCTION,Ward-1,500001,DEV-CSV-0612
POL-CSV-0613,17.406719,78.507693,FDR-HYD-CENTRAL-02,TRF-CENTRAL-05,,,SUSPENSION,Ward-2,500032,DEV-CSV-0613
POL-CSV-0614,17.406969,78.508012,FDR-HYD-CENTRAL-02,TRF-CENTRAL-05,,,TENSION,Ward-8,500081,DEV-CSV-0614
POL-CSV-0615,17.407312,78.508258,FDR-HYD-CENTRAL-02,TRF-CENTRAL-05,,,SUSPENSION,Ward-15,500090,DEV-CSV-0615
POL-CSV-0616,17.407581,78.508641,FDR-HYD-CENTRAL-02,TRF-CENTRAL-05,,,SUSPENSION,Ward-2,500090,DEV-CSV-0616
POL-CSV-0617,17.407871,78.508909,FDR-HYD-CENTRAL-02,TRF-CENTRAL-05,,,SUSPENSION,Ward-1,500001,DEV-CSV-0617
POL-CSV-0618,17.408244,78.509168,FDR-HYD-CENTRAL-02,TRF-CENTRAL-05,,,SUSPENSION,Ward-1,500081,DEV-CSV-0618
POL-CSV-0619,17.408532,78.509469,FDR-HYD-CENTRAL-02,TRF-CENTRAL-05,,,TENSION,Ward-9,500090,DEV-CSV-0619
POL-CSV-0620,17.408828,78.509783,FDR-HYD-CENTRAL-02,TRF-CENTRAL-05,,,SUSPENSION,Ward-1,500001,DEV-CSV-0620
POL-CSV-0621,17.409081,78.510059,FDR-HYD-CENTRAL-02,TRF-CENTRAL-05,,,SUSPENSION,Ward-4,500001,DEV-CSV-0621
POL-CSV-0622,17.409403,78.510409,FDR-HYD-CENTRAL-02,TRF-CENTRAL-05,,,SUSPENSION,Ward-11,500090,DEV-CSV-0622
POL-CSV-0623,17.409709,78.510729,FDR-HYD-CENTRAL-02,TRF-CENTRAL-05,,,SUSPENSION,Ward-1,500084,DEV-CSV-0623
POL-CSV-0624,17.410028,78.511045,FDR-HYD-CENTRAL-02,TRF-CENTRAL-05,,,TENSION,Ward-3,500032,DEV-CSV-0624
POL-CSV-0625,17.410346,78.511262,FDR-HYD-CENTRAL-02,TRF-CENTRAL-05,,,SUSPENSION,Ward-9,500090,DEV-CSV-0625
POL-CSV-0626,17.410643,78.511585,FDR-HYD-CENTRAL-02,TRF-CENTRAL-05,,,JUNCTION,Ward-8,500084,DEV-CSV-0626
POL-CSV-0627,17.410893,78.511883,FDR-HYD-CENTRAL-02,TRF-CENTRAL-05,,,TENSION,Ward-8,500001,DEV-CSV-0627
POL-CSV-0628,17.411165,78.512166,FDR-HYD-CENTRAL-02,TRF-CENTRAL-05,,,SUSPENSION,Ward-12,500084,DEV-CSV-0628
POL-CSV-0629,17.411523,78.512492,FDR-HYD-CENTRAL-02,TRF-CENTRAL-05,,,SUSPENSION,Ward-6,500084,DEV-CSV-0629
POL-CSV-0630,17.411774,78.512762,FDR-HYD-CENTRAL-02,TRF-CENTRAL-05,,,SUSPENSION,Ward-9,500081,DEV-CSV-0630
POL-CSV-0631,17.41214,78.51307,FDR-HYD-CENTRAL-02,TRF-CENTRAL-05,,,SUSPENSION,Ward-5,500084,DEV-CSV-0631
POL-CSV-0632,17.412371,78.513364,FDR-HYD-CENTRAL-02,TRF-CENTRAL-05,,,SUSPENSION,Ward-7,500001,DEV-CSV-0632
POL-CSV-0633,17.412721,78.513707,FDR-HYD-CENTRAL-02,TRF-CENTRAL-05,,,TENSION,Ward-1,500001,DEV-CSV-0633
POL-CSV-0634,17.412998,78.513965,FDR-HYD-CENTRAL-02,TRF-CENTRAL-05,,,SUSPENSION,Ward-5,500081,DEV-CSV-0634
POL-CSV-0635,17.4133,78.514307,FDR-HYD-CENTRAL-02,TRF-CENTRAL-05,,,SUSPENSION,Ward-6,500001,DEV-CSV-0635
POL-CSV-0636,17.413611,78.514562,FDR-HYD-CENTRAL-02,TRF-CENTRAL-05,,,SUSPENSION,Ward-5,500081,DEV-CSV-0636
POL-CSV-0637,17.413922,78.514888,FDR-HYD-CENTRAL-02,TRF-CENTRAL-05,,,JUNCTION,Ward-5,500084,DEV-CSV-0637
POL-CSV-0638,17.414186,78.515245,FDR-HYD-CENTRAL-02,TRF-CENTRAL-05,,,SUSPENSION,Ward-15,500081,DEV-CSV-0638
POL-CSV-0639,17.414467,78.51554,FDR-HYD-CENTRAL-02,TRF-CENTRAL-05,,,SUSPENSION,Ward-6,500090,DEV-CSV-0639
POL-CSV-0640,17.414836,78.515841,FDR-HYD-CENTRAL-02,TRF-CENTRAL-05,,,SUSPENSION,Ward-11,500084,
POL-CSV-0641,17.415147,78.516076,FDR-HYD-CENTRAL-02,TRF-CENTRAL-05,,,SUSPENSION,Ward-12,500090,DEV-CSV-0641
POL-CSV-0642,17.415429,78.516372,FDR-HYD-CENTRAL-02,TRF-CENTRAL-05,,,SUSPENSION,Ward-1,500084,DEV-CSV-0642
POL-CSV-0643,17.415735,78.516671,FDR-HYD-CENTRAL-02,TRF-CENTRAL-05,,,TENSION,Ward-11,500032,DEV-CSV-0643
POL-CSV-0644,17.415973,78.516986,FDR-HYD-CENTRAL-02,TRF-CENTRAL-05,,,SUSPENSION,Ward-5,500084,DEV-CSV-0644
POL-CSV-0645,17.416262,78.517278,FDR-HYD-CENTRAL-02,TRF-CENTRAL-05,,,SUSPENSION,Ward-7,500084,DEV-CSV-0645
POL-CSV-0646,17.416627,78.517633,FDR-HYD-CENTRAL-02,TRF-CENTRAL-05,,,TENSION,Ward-7,500081,DEV-CSV-0646
POL-CSV-0647,17.41694,78.51786,FDR-HYD-CENTRAL-02,TRF-CENTRAL-05,,,SUSPENSION,Ward-4,500032,DEV-CSV-0647
POL-CSV-0648,17.417194,78.518169,FDR-HYD-CENTRAL-02,TRF-CENTRAL-05,,,JUNCTION,Ward-15,500001,DEV-CSV-0648
POL-CSV-0649,17.417499,78.518489,FDR-HYD-CENTRAL-02,TRF-CENTRAL-05,,,SUSPENSION,Ward-11,500090,DEV-CSV-0649
POL-CSV-0650,17.417809,78.518801,FDR-HYD-CENTRAL-02,TRF-CENTRAL-05,,,SUSPENSION,Ward-13,500001,
POL-CSV-0651,17.418061,78.519125,FDR-HYD-CENTRAL-02,TRF-CENTRAL-05,,,SUSPENSION,Ward-10,500032,DEV-CSV-0651
POL-CSV-0652,17.418413,78.519407,FDR-HYD-CENTRAL-02,TRF-CENTRAL-05,,,JUNCTION,Ward-14,500090,
POL-CSV-0653,17.418671,78.519722,FDR-HYD-CENTRAL-02,TRF-CENTRAL-05,,,SUSPENSION,Ward-11,500090,DEV-CSV-0653
POL-CSV-0654,17.419038,78.519971,FDR-HYD-CENTRAL-02,TRF-CENTRAL-05,,,SUSPENSION,Ward-12,500081,DEV-CSV-0654
POL-CSV-0655,17.419293,78.520328,FDR-HYD-CENTRAL-02,TRF-CENTRAL-05,,,SUSPENSION,Ward-12,500090,DEV-CSV-0655
POL-CSV-0656,17.419638,78.520607,FDR-HYD-CENTRAL-02,TRF-CENTRAL-05,,,SUSPENSION,Ward-12,500081,DEV-CSV-0656
POL-CSV-0657,17.419869,78.520884,FDR-HYD-CENTRAL-02,TRF-CENTRAL-05,,,TENSION,Ward-3,500090,DEV-CSV-0657
POL-CSV-0658,17.42024,78.521236,FDR-HYD-CENTRAL-02,TRF-CENTRAL-05,,,SUSPENSION,Ward-10,500001,DEV-CSV-0658
POL-CSV-0659,17.420472,78.521497,FDR-HYD-CENTRAL-02,TRF-CENTRAL-05,,,JUNCTION,Ward-6,500032,DEV-CSV-0659
POL-CSV-0660,17.420793,78.52183,FDR-HYD-CENTRAL-02,TRF-CENTRAL-05,,,SUSPENSION,Ward-2,500001,
POL-CSV-0661,17.360279,78.470326,FDR-HYD-SOUTH-03,TRF-SOUTH-01,1,,TRANSFORMER_POLE,Ward-6,500090,DEV-CSV-0661
POL-CSV-0662,17.360623,78.470615,FDR-HYD-SOUTH-03,TRF-SOUTH-01,2,POL-CSV-0661,JUNCTION,Ward-10,500001,DEV-CSV-0662
POL-CSV-0663,17.360933,78.470945,FDR-HYD-SOUTH-03,TRF-SOUTH-01,3,POL-CSV-0662,TENSION,Ward-1,500090,DEV-CSV-0663
POL-CSV-0664,17.361203,78.47123,FDR-HYD-SOUTH-03,TRF-SOUTH-01,4,POL-CSV-0663,TENSION,Ward-15,500090,DEV-CSV-0664
POL-CSV-0665,17.361528,78.471464,FDR-HYD-SOUTH-03,TRF-SOUTH-01,5,POL-CSV-0664,TENSION,Ward-4,500090,DEV-CSV-0665
POL-CSV-0666,17.361785,78.471786,FDR-HYD-SOUTH-03,TRF-SOUTH-01,6,POL-CSV-0665,SUSPENSION,Ward-9,500081,DEV-CSV-0666
POL-CSV-0667,17.362132,78.472109,FDR-HYD-SOUTH-03,TRF-SOUTH-01,7,POL-CSV-0666,TENSION,Ward-8,500081,DEV-CSV-0667
POL-CSV-0668,17.362363,78.472392,FDR-HYD-SOUTH-03,TRF-SOUTH-01,8,POL-CSV-0667,TENSION,Ward-1,500001,DEV-CSV-0668
POL-CSV-0669,17.3627,78.472686,FDR-HYD-SOUTH-03,TRF-SOUTH-01,9,POL-CSV-0668,SUSPENSION,Ward-3,500032,DEV-CSV-0669
POL-CSV-0670,17.362971,78.473036,FDR-HYD-SOUTH-03,TRF-SOUTH-01,10,POL-CSV-0669,SUSPENSION,Ward-15,500084,DEV-CSV-0670
POL-CSV-0671,17.363337,78.473275,FDR-HYD-SOUTH-03,TRF-SOUTH-01,11,POL-CSV-0670,SUSPENSION,Ward-15,500090,DEV-CSV-0671
POL-CSV-0672,17.363624,78.473646,FDR-HYD-SOUTH-03,TRF-SOUTH-01,12,POL-CSV-0671,TENSION,Ward-14,500001,DEV-CSV-0672
POL-CSV-0673,17.3639,78.473919,FDR-HYD-SOUTH-03,TRF-SOUTH-01,13,POL-CSV-0672,TENSION,Ward-15,500001,DEV-CSV-0673
POL-CSV-0674,17.364173,78.47421,FDR-HYD-SOUTH-03,TRF-SOUTH-01,14,POL-CSV-0673,TENSION,Ward-6,500032,DEV-CSV-0674
POL-CSV-0675,17.364524,78.474541,FDR-HYD-SOUTH-03,TRF-SOUTH-01,15,POL-CSV-0674,JUNCTION,Ward-14,500001,DEV-CSV-0675
POL-CSV-0676,17.364757,78.474798,FDR-HYD-SOUTH-03,TRF-SOUTH-01,16,POL-CSV-0675,JUNCTION,Ward-8,500090,DEV-CSV-0676
POL-CSV-0677,17.36506,78.475114,FDR-HYD-SOUTH-03,TRF-SOUTH-01,17,POL-CSV-0676,TENSION,Ward-8,500081,DEV-CSV-0677
POL-CSV-0678,17.365357,78.475378,FDR-HYD-SOUTH-03,TRF-SOUTH-01,18,POL-CSV-0677,JUNCTION,Ward-7,500084,DEV-CSV-0678
POL-CSV-0679,17.365722,78.475652,FDR-HYD-SOUTH-03,TRF-SOUTH-01,19,POL-CSV-0678,SUSPENSION,Ward-9,500081,DEV-CSV-0679
POL-CSV-0680,17.366043,78.475958,FDR-HYD-SOUTH-03,TRF-SOUTH-01,20,POL-CSV-0679,TENSION,Ward-12,500032,DEV-CSV-0680
POL-CSV-0681,17.366314,78.476324,FDR-HYD-SOUTH-03,TRF-SOUTH-01,21,POL-CSV-0680,SUSPENSION,Ward-4,500032,DEV-CSV-0681
POL-CSV-0682,17.366612,78.476637,FDR-HYD-SOUTH-03,TRF-SOUTH-01,22,POL-CSV-0681,SUSPENSION,Ward-15,500081,
POL-CSV-0683,17.366912,78.476913,FDR-HYD-SOUTH-03,TRF-SOUTH-01,23,POL-CSV-0682,SUSPENSION,Ward-12,500032,DEV-CSV-0683
POL-CSV-0684,17.367154,78.477222,FDR-HYD-SOUTH-03,TRF-SOUTH-01,24,POL-CSV-0683,SUSPENSION,Ward-5,500001,DEV-CSV-0684
POL-CSV-0685,17.367467,78.477549,FDR-HYD-SOUTH-03,TRF-SOUTH-01,25,POL-CSV-0684,JUNCTION,Ward-4,500090,DEV-CSV-0685
POL-CSV-0686,17.367775,78.477832,FDR-HYD-SOUTH-03,TRF-SOUTH-01,26,POL-CSV-0685,SUSPENSION,Ward-7,500084,DEV-CSV-0686
POL-CSV-0687,17.368145,78.478071,FDR-HYD-SOUTH-03,TRF-SOUTH-01,27,POL-CSV-0686,JUNCTION,Ward-6,500081,DEV-CSV-0687
POL-CSV-0688,17.368391,78.478417,FDR-HYD-SOUTH-03,TRF-SOUTH-01,28,POL-CSV-0687,SUSPENSION,Ward-13,500001,DEV-CSV-0688
POL-CSV-0689,17.36869,78.478702,FDR-HYD-SOUTH-03,TRF-SOUTH-01,29,POL-CSV-0688,TENSION,Ward-7,500081,DEV-CSV-0689
POL-CSV-0690,17.36896,78.478978,FDR-HYD-SOUTH-03,TRF-SOUTH-01,30,POL-CSV-0689,SUSPENSION,Ward-12,500081,DEV-CSV-0690
POL-CSV-0691,17.36928,78.479339,FDR-HYD-SOUTH-03,TRF-SOUTH-01,31,POL-CSV-0690,SUSPENSION,Ward-7,500032,DEV-CSV-0691
POL-CSV-0692,17.369583,78.479641,FDR-HYD-SOUTH-03,TRF-SOUTH-01,32,POL-CSV-0691,TENSION,Ward-5,500001,DEV-CSV-0692
POL-CSV-0693,17.369897,78.479911,FDR-HYD-SOUTH-03,TRF-SOUTH-01,33,POL-CSV-0692,SUSPENSION,Ward-13,500090,DEV-CSV-0693
POL-CSV-0694,17.370227,78.480178,FDR-HYD-SOUTH-03,TRF-SOUTH-01,34,POL-CSV-0693,JUNCTION,Ward-12,500032,DEV-CSV-0694
POL-CSV-0695,17.370465,78.480492,FDR-HYD-SOUTH-03,TRF-SOUTH-01,35,POL-CSV-0694,SUSPENSION,Ward-5,500090,DEV-CSV-0695
POL-CSV-0696,17.370803,78.480816,FDR-HYD-SOUTH-03,TRF-SOUTH-01,36,POL-CSV-0695,JUNCTION,Ward-15,500032,DEV-CSV-0696
POL-CSV-0697,17.371118,78.481119,FDR-HYD-SOUTH-03,TRF-SOUTH-01,37,POL-CSV-0696,SUSPENSION,Ward-10,500032,DEV-CSV-0697
POL-CSV-0698,17.371383,78.481363,FDR-HYD-SOUTH-03,TRF-SOUTH-01,38,POL-CSV-0697,SUSPENSION,Ward-1,500081,
POL-CSV-0699,17.371702,78.481665,FDR-HYD-SOUTH-03,TRF-SOUTH-01,39,POL-CSV-0698,TENSION,Ward-2,500090,DEV-CSV-0699
POL-CSV-0700,17.372029,78.482042,FDR-HYD-SOUTH-03,TRF-SOUTH-01,40,POL-CSV-0699,SUSPENSION,Ward-15,500084,DEV-CSV-0700
POL-CSV-0701,17.372309,78.48234,FDR-HYD-SOUTH-03,TRF-SOUTH-01,41,POL-CSV-0700,TENSION,Ward-15,500084,DEV-CSV-0701
POL-CSV-0702,17.372635,78.482629,FDR-HYD-SOUTH-03,TRF-SOUTH-01,42,POL-CSV-0701,SUSPENSION,Ward-15,500084,DEV-CSV-0702
POL-CSV-0703,17.372926,78.482933,FDR-HYD-SOUTH-03,TRF-SOUTH-01,43,POL-CSV-0702,SUSPENSION,Ward-5,500084,
POL-CSV-0704,17.373236,78.483214,FDR-HYD-SOUTH-03,TRF-SOUTH-01,44,POL-CSV-0703,TENSION,Ward-6,500081,
POL-CSV-0705,17.373475,78.483503,FDR-HYD-SOUTH-03,TRF-SOUTH-01,45,POL-CSV-0704,SUSPENSION,Ward-15,500084,DEV-CSV-0705
POL-CSV-0706,17.37377,78.483846,FDR-HYD-SOUTH-03,TRF-SOUTH-01,46,POL-CSV-0705,SUSPENSION,Ward-9,500090,DEV-CSV-0706
POL-CSV-0707,17.374107,78.484126,FDR-HYD-SOUTH-03,TRF-SOUTH-01,47,POL-CSV-0706,SUSPENSION,Ward-13,500032,DEV-CSV-0707
POL-CSV-0708,17.374409,78.484396,FDR-HYD-SOUTH-03,TRF-SOUTH-01,48,POL-CSV-0707,TENSION,Ward-7,500084,DEV-CSV-0708
POL-CSV-0709,17.374715,78.484739,FDR-HYD-SOUTH-03,TRF-SOUTH-01,49,POL-CSV-0708,JUNCTION,Ward-12,500081,DEV-CSV-0709
POL-CSV-0710,17.374998,78.484979,FDR-HYD-SOUTH-03,TRF-SOUTH-01,50,POL-CSV-0709,SUSPENSION,Ward-9,500081,DEV-CSV-0710
POL-CSV-0711,17.37529,78.485341,FDR-HYD-SOUTH-03,TRF-SOUTH-01,51,POL-CSV-0710,SUSPENSION,Ward-4,500084,DEV-CSV-0711
POL-CSV-0712,17.375603,78.485578,FDR-HYD-SOUTH-03,TRF-SOUTH-01,52,POL-CSV-0711,SUSPENSION,Ward-2,500032,DEV-CSV-0712
POL-CSV-0713,17.375928,78.485898,FDR-HYD-SOUTH-03,TRF-SOUTH-01,53,POL-CSV-0712,SUSPENSION,Ward-10,500001,
POL-CSV-0714,17.376176,78.486238,FDR-HYD-SOUTH-03,TRF-SOUTH-01,54,POL-CSV-0713,SUSPENSION,Ward-14,500032,DEV-CSV-0714
POL-CSV-0715,17.376544,78.486537,FDR-HYD-SOUTH-03,TRF-SOUTH-01,55,POL-CSV-0714,SUSPENSION,Ward-4,500001,DEV-CSV-0715
POL-CSV-0716,17.376759,78.486757,FDR-HYD-SOUTH-03,TRF-SOUTH-01,56,POL-CSV-0715,SUSPENSION,Ward-12,500081,
POL-CSV-0717,17.37707,78.487082,FDR-HYD-SOUTH-03,TRF-SOUTH-01,57,POL-CSV-0716,SUSPENSION,Ward-13,500032,DEV-CSV-0717
POL-CSV-0718,17.377406,78.487372,FDR-HYD-SOUTH-03,TRF-SOUTH-01,58,POL-CSV-0717,SUSPENSION,Ward-9,500084,DEV-CSV-0718
POL-CSV-0719,17.377665,78.487681,FDR-HYD-SOUTH-03,TRF-SOUTH-01,59,POL-CSV-0718,SUSPENSION,Ward-2,500001,DEV-CSV-0719
POL-CSV-0720,17.37795,78.488046,FDR-HYD-SOUTH-03,TRF-SOUTH-01,60,POL-CSV-0719,SUSPENSION,Ward-3,500001,DEV-CSV-0720
POL-CSV-0721,17.378339,78.488296,FDR-HYD-SOUTH-03,TRF-SOUTH-01,61,POL-CSV-0720,SUSPENSION,Ward-10,500032,DEV-CSV-0721
POL-CSV-0722,17.3786,78.488585,FDR-HYD-SOUTH-03,TRF-SOUTH-01,62,POL-CSV-0721,SUSPENSION,Ward-4,500081,DEV-CSV-0722
POL-CSV-0723,17.378947,78.488875,FDR-HYD-SOUTH-03,TRF-SOUTH-01,63,POL-CSV-0722,TENSION,Ward-9,500081,
POL-CSV-0724,17.379217,78.489228,FDR-HYD-SOUTH-03,TRF-SOUTH-01,64,POL-CSV-0723,TENSION,Ward-13,500081,DEV-CSV-0724
POL-CSV-0725,17.379484,78.489473,FDR-HYD-SOUTH-03,TRF-SOUTH-01,65,POL-CSV-0724,SUSPENSION,Ward-2,500090,
POL-CSV-0726,17.379797,78.489806,FDR-HYD-SOUTH-03,TRF-SOUTH-01,66,POL-CSV-0725,SUSPENSION,Ward-2,500032,DEV-CSV-0726
POL-CSV-0727,17.364256,78.474255,FDR-HYD-SOUTH-03,TRF-SOUTH-02,1,,TRANSFORMER_POLE,Ward-6,500081,DEV-CSV-0727
POL-CSV-0728,17.364621,78.47457,FDR-HYD-SOUTH-03,TRF-SOUTH-02,2,POL-CSV-0727,TENSION,Ward-7,500032,DEV-CSV-0728
POL-CSV-0729,17.364898,78.474902,FDR-HYD-SOUTH-03,TRF-SOUTH-02,3,POL-CSV-0728,SUSPENSION,Ward-9,500032,DEV-CSV-0729
POL-CSV-0730,17.36524,78.475247,FDR-HYD-SOUTH-03,TRF-SOUTH-02,4,POL-CSV-0729,JUNCTION,Ward-4,500032,DEV-CSV-0730
POL-CSV-0731,17.36551,78.475532,FDR-HYD-SOUTH-03,TRF-SOUTH-02,5,POL-CSV-0730,JUNCTION,Ward-11,500084,DEV-CSV-0731
POL-CSV-0732,17.365844,78.475796,FDR-HYD-SOUTH-03,TRF-SOUTH-02,6,POL-CSV-0731,SUSPENSION,Ward-11,500090,DEV-CSV-0732
POL-CSV-0733,17.366071,78.476076,FDR-HYD-SOUTH-03,TRF-SOUTH-02,7,POL-CSV-0732,SUSPENSION,Ward-11,500001,DEV-CSV-0733
POL-CSV-0734,17.366423,78.476426,FDR-HYD-SOUTH-03,TRF-SOUTH-02,8,POL-CSV-0733,JUNCTION,Ward-3,500084,
POL-CSV-0735,17.366656,78.476714,FDR-HYD-SOUTH-03,TRF-SOUTH-02,9,POL-CSV-0734,JUNCTION,Ward-4,500090,DEV-CSV-0735
POL-CSV-0736,17.366964,78.47699,FDR-HYD-SOUTH-03,TRF-SOUTH-02,10,POL-CSV-0735,JUNCTION,Ward-15,500081,DEV-CSV-0736
POL-CSV-0737,17.36726,78.477321,FDR-HYD-SOUTH-03,TRF-SOUTH-02,11,POL-CSV-0736,SUSPENSION,Ward-3,500032,DEV-CSV-0737
POL-CSV-0738,17.367631,78.477579,FDR-HYD-SOUTH-03,TRF-SOUTH-02,12,POL-CSV-0737,SUSPENSION,Ward-10,500090,DEV-CSV-0738
POL-CSV-0739,17.367854,78.477862,FDR-HYD-SOUTH-03,TRF-SOUTH-02,13,POL-CSV-0738,SUSPENSION,Ward-4,500081,DEV-CSV-0739
POL-CSV-0740,17.368234,78.478202,FDR-HYD-SOUTH-03,TRF-SOUTH-02,14,POL-CSV-0739,SUSPENSION,Ward-3,500001,DEV-CSV-0740
POL-CSV-0741,17.36846,78.478505,FDR-HYD-SOUTH-03,TRF-SOUTH-02,15,POL-CSV-0740,TENSION,Ward-7,500084,DEV-CSV-0741
POL-CSV-0742,17.368782,78.478785,FDR-HYD-SOUTH-03,TRF-SOUTH-02,16,POL-CSV-0741,SUSPENSION,Ward-14,500001,DEV-CSV-0742
POL-CSV-0743,17.369102,78.479061,FDR-HYD-SOUTH-03,TRF-SOUTH-02,17,POL-CSV-0742,SUSPENSION,Ward-1,500084,DEV-CSV-0743
POL-CSV-0744,17.369367,78.4794,FDR-HYD-SOUTH-03,TRF-SOUTH-02,18,POL-CSV-0743,SUSPENSION,Ward-6,500084,DEV-CSV-0744
POL-CSV-0745,17.369697,78.479694,FDR-HYD-SOUTH-03,TRF-SOUTH-02,19,POL-CSV-0744,SUSPENSION,Ward-1,500032,DEV-CSV-0745
POL-CSV-0746,17.370005,78.479981,FDR-HYD-SOUTH-03,TRF-SOUTH-02,20,POL-CSV-0745,TENSION,Ward-9,500084,DEV-CSV-0746
POL-CSV-0747,17.370307,78.480285,FDR-HYD-SOUTH-03,TRF-SOUTH-02,21,POL-CSV-0746,SUSPENSION,Ward-14,500032,
POL-CSV-0748,17.370584,78.480584,FDR-HYD-SOUTH-03,TRF-SOUTH-02,22,POL-CSV-0747,SUSPENSION,Ward-8,500032,DEV-CSV-0748
POL-CSV-0749,17.370875,78.480936,FDR-HYD-SOUTH-03,TRF-SOUTH-02,23,POL-CSV-0748,SUSPENSION,Ward-4,500081,DEV-CSV-0749
POL-CSV-0750,17.371181,78.481249,FDR-HYD-SOUTH-03,TRF-SOUTH-02,24,POL-CSV-0749,JUNCTION,Ward-12,500090,DEV-CSV-0750
POL-CSV-0751,17.371544,78.481516,FDR-HYD-SOUTH-03,TRF-SOUTH-02,25,POL-CSV-0750,SUSPENSION,Ward-9,500090,DEV-CSV-0751
POL-CSV-0752,17.37183,78.481848,FDR-HYD-SOUTH-03,TRF-SOUTH-02,26,POL-CSV-0751,SUSPENSION,Ward-6,500084,DEV-CSV-0752
POL-CSV-0753,17.372124,78.482094,FDR-HYD-SOUTH-03,TRF-SOUTH-02,27,POL-CSV-0752,TENSION,Ward-1,500081,DEV-CSV-0753
POL-CSV-0754,17.372399,78.482386,FDR-HYD-SOUTH-03,TRF-SOUTH-02,28,POL-CSV-0753,TENSION,Ward-12,500032,DEV-CSV-0754
POL-CSV-0755,17.372655,78.482683,FDR-HYD-SOUTH-03,TRF-SOUTH-02,29,POL-CSV-0754,SUSPENSION,Ward-8,500001,DEV-CSV-0755
POL-CSV-0756,17.373022,78.483046,FDR-HYD-SOUTH-03,TRF-SOUTH-02,30,POL-CSV-0755,SUSPENSION,Ward-7,500084,DEV-CSV-0756
POL-CSV-0757,17.373265,78.483309,FDR-HYD-SOUTH-03,TRF-SOUTH-02,31,POL-CSV-0756,SUSPENSION,Ward-6,500090,DEV-CSV-0757
POL-CSV-0758,17.373576,78.483617,FDR-HYD-SOUTH-03,TRF-SOUTH-02,32,POL-CSV-0757,SUSPENSION,Ward-10,500090,DEV-CSV-0758
POL-CSV-0759,17.373917,78.483949,FDR-HYD-SOUTH-03,TRF-SOUTH-02,33,POL-CSV-0758,TENSION,Ward-8,500084,DEV-CSV-0759
POL-CSV-0760,17.374208,78.48421,FDR-HYD-SOUTH-03,TRF-SOUTH-02,34,POL-CSV-0759,SUSPENSION,Ward-15,500001,DEV-CSV-0760
POL-CSV-0761,17.374485,78.484506,FDR-HYD-SOUTH-03,TRF-SOUTH-02,35,POL-CSV-0760,JUNCTION,Ward-9,500090,DEV-CSV-0761
POL-CSV-0762,17.374767,78.484765,FDR-HYD-SOUTH-03,TRF-SOUTH-02,36,POL-CSV-0761,SUSPENSION,Ward-6,500001,DEV-CSV-0762
POL-CSV-0763,17.375073,78.485137,FDR-HYD-SOUTH-03,TRF-SOUTH-02,37,POL-CSV-0762,SUSPENSION,Ward-2,500090,DEV-CSV-0763
POL-CSV-0764,17.375418,78.485433,FDR-HYD-SOUTH-03,TRF-SOUTH-02,38,POL-CSV-0763,SUSPENSION,Ward-10,500081,DEV-CSV-0764
POL-CSV-0765,17.375706,78.485685,FDR-HYD-SOUTH-03,TRF-SOUTH-02,39,POL-CSV-0764,TENSION,Ward-9,500001,
POL-CSV-0766,17.375954,78.486027,FDR-HYD-SOUTH-03,TRF-SOUTH-02,40,POL-CSV-0765,SUSPENSION,Ward-1,500081,DEV-CSV-0766
POL-CSV-0767,17.376264,78.486328,FDR-HYD-SOUTH-03,TRF-SOUTH-02,41,POL-CSV-0766,SUSPENSION,Ward-9,500084,DEV-CSV-0767
POL-CSV-0768,17.376616,78.486617,FDR-HYD-SOUTH-03,TRF-SOUTH-02,42,POL-CSV-0767,JUNCTION,Ward-9,500001,DEV-CSV-0768
POL-CSV-0769,17.376909,78.486932,FDR-HYD-SOUTH-03,TRF-SOUTH-02,43,POL-CSV-0768,SUSPENSION,Ward-2,500032,DEV-CSV-0769
POL-CSV-0770,17.377182,78.487195,FDR-HYD-SOUTH-03,TRF-SOUTH-02,44,POL-CSV-0769,JUNCTION,Ward-13,500032,DEV-CSV-0770
POL-CSV-0771,17.377455,78.487465,FDR-HYD-SOUTH-03,TRF-SOUTH-02,45,POL-CSV-0770,JUNCTION,Ward-3,500090,DEV-CSV-0771
POL-CSV-0772,17.377755,78.487751,FDR-HYD-SOUTH-03,TRF-SOUTH-02,46,POL-CSV-0771,SUSPENSION,Ward-14,500001,DEV-CSV-0772
POL-CSV-0773,17.378117,78.488085,FDR-HYD-SOUTH-03,TRF-SOUTH-02,47,POL-CSV-0772,SUSPENSION,Ward-14,500081,DEV-CSV-0773
POL-CSV-0774,17.378363,78.488358,FDR-HYD-SOUTH-03,TRF-SOUTH-02,48,POL-CSV-0773,TENSION,Ward-12,500084,DEV-CSV-0774
POL-CSV-0775,17.378689,78.488717,FDR-HYD-SOUTH-03,TRF-SOUTH-02,49,POL-CSV-0774,SUSPENSION,Ward-3,500032,DEV-CSV-0775
POL-CSV-0776,17.379037,78.489006,FDR-HYD-SOUTH-03,TRF-SOUTH-02,50,POL-CSV-0775,SUSPENSION,Ward-14,500081,DEV-CSV-0776
POL-CSV-0777,17.379344,78.489317,FDR-HYD-SOUTH-03,TRF-SOUTH-02,51,POL-CSV-0776,SUSPENSION,Ward-1,500032,DEV-CSV-0777
POL-CSV-0778,17.3796,78.489566,FDR-HYD-SOUTH-03,TRF-SOUTH-02,52,POL-CSV-0777,TENSION,Ward-10,500001,DEV-CSV-0778
POL-CSV-0779,17.379948,78.489868,FDR-HYD-SOUTH-03,TRF-SOUTH-02,53,POL-CSV-0778,JUNCTION,Ward-5,500090,DEV-CSV-0779
POL-CSV-0780,17.380197,78.490166,FDR-HYD-SOUTH-03,TRF-SOUTH-02,54,POL-CSV-0779,SUSPENSION,Ward-1,500032,DEV-CSV-0780
POL-CSV-0781,17.380498,78.490473,FDR-HYD-SOUTH-03,TRF-SOUTH-02,55,POL-CSV-0780,SUSPENSION,Ward-15,500032,DEV-CSV-0781
POL-CSV-0782,17.380827,78.490828,FDR-HYD-SOUTH-03,TRF-SOUTH-02,56,POL-CSV-0781,SUSPENSION,Ward-15,500081,DEV-CSV-0782
POL-CSV-0783,17.381132,78.491051,FDR-HYD-SOUTH-03,TRF-SOUTH-02,57,POL-CSV-0782,SUSPENSION,Ward-13,500081,DEV-CSV-0783
POL-CSV-0784,17.381354,78.491442,FDR-HYD-SOUTH-03,TRF-SOUTH-02,58,POL-CSV-0783,TENSION,Ward-15,500081,DEV-CSV-0784
POL-CSV-0785,17.381726,78.49169,FDR-HYD-SOUTH-03,TRF-SOUTH-02,59,POL-CSV-0784,SUSPENSION,Ward-13,500084,DEV-CSV-0785
POL-CSV-0786,17.38199,78.491985,FDR-HYD-SOUTH-03,TRF-SOUTH-02,60,POL-CSV-0785,TENSION,Ward-15,500081,DEV-CSV-0786
POL-CSV-0787,17.382308,78.492278,FDR-HYD-SOUTH-03,TRF-SOUTH-02,61,POL-CSV-0786,SUSPENSION,Ward-6,500081,DEV-CSV-0787
POL-CSV-0788,17.382637,78.492616,FDR-HYD-SOUTH-03,TRF-SOUTH-02,62,POL-CSV-0787,SUSPENSION,Ward-11,500001,DEV-CSV-0788
POL-CSV-0789,17.382859,78.492866,FDR-HYD-SOUTH-03,TRF-SOUTH-02,63,POL-CSV-0788,SUSPENSION,Ward-4,500090,DEV-CSV-0789
POL-CSV-0790,17.383209,78.493217,FDR-HYD-SOUTH-03,TRF-SOUTH-02,64,POL-CSV-0789,SUSPENSION,Ward-6,500090,
POL-CSV-0791,17.383527,78.493485,FDR-HYD-SOUTH-03,TRF-SOUTH-02,65,POL-CSV-0790,SUSPENSION,Ward-8,500001,DEV-CSV-0791
POL-CSV-0792,17.383799,78.493772,FDR-HYD-SOUTH-03,TRF-SOUTH-02,66,POL-CSV-0791,TENSION,Ward-7,500081,DEV-CSV-0792
POL-CSV-0793,17.368255,78.478311,FDR-HYD-SOUTH-03,TRF-SOUTH-03,,,TRANSFORMER_POLE,Ward-11,500084,DEV-CSV-0793
POL-CSV-0794,17.36862,78.478628,FDR-HYD-SOUTH-03,TRF-SOUTH-03,,,JUNCTION,Ward-12,500001,DEV-CSV-0794
POL-CSV-0795,17.368857,78.478906,FDR-HYD-SOUTH-03,TRF-SOUTH-03,,,JUNCTION,Ward-2,500090,DEV-CSV-0795
POL-CSV-0796,17.369167,78.479153,FDR-HYD-SOUTH-03,TRF-SOUTH-03,,,TENSION,Ward-1,500090,DEV-CSV-0796
POL-CSV-0797,17.369516,78.479471,FDR-HYD-SOUTH-03,TRF-SOUTH-03,,,SUSPENSION,Ward-3,500032,DEV-CSV-0797
POL-CSV-0798,17.369803,78.47983,FDR-HYD-SOUTH-03,TRF-SOUTH-03,,,SUSPENSION,Ward-6,500081,DEV-CSV-0798
POL-CSV-0799,17.370061,78.480111,FDR-HYD-SOUTH-03,TRF-SOUTH-03,,,SUSPENSION,Ward-10,500032,DEV-CSV-0799
POL-CSV-0800,17.370352,78.480439,FDR-HYD-SOUTH-03,TRF-SOUTH-03,,,SUSPENSION,Ward-10,500081,DEV-CSV-0800
POL-CSV-0801,17.370676,78.480747,FDR-HYD-SOUTH-03,TRF-SOUTH-03,,,TENSION,Ward-9,500084,DEV-CSV-0801
POL-CSV-0802,17.371014,78.481019,FDR-HYD-SOUTH-03,TRF-SOUTH-03,,,JUNCTION,Ward-14,500032,DEV-CSV-0802
POL-CSV-0803,17.371291,78.481279,FDR-HYD-SOUTH-03,TRF-SOUTH-03,,,JUNCTION,Ward-9,500090,DEV-CSV-0803
POL-CSV-0804,17.371644,78.48164,FDR-HYD-SOUTH-03,TRF-SOUTH-03,,,SUSPENSION,Ward-10,500032,DEV-CSV-0804
POL-CSV-0805,17.37193,78.481905,FDR-HYD-SOUTH-03,TRF-SOUTH-03,,,SUSPENSION,Ward-12,500084,
POL-CSV-0806,17.372169,78.482236,FDR-HYD-SOUTH-03,TRF-SOUTH-03,,,SUSPENSION,Ward-5,500001,DEV-CSV-0806
POL-CSV-0807,17.372461,78.482466,FDR-HYD-SOUTH-03,TRF-SOUTH-03,,,SUSPENSION,Ward-3,500081,DEV-CSV-0807
POL-CSV-0808,17.372841,78.482792,FDR-HYD-SOUTH-03,TRF-SOUTH-03,,,JUNCTION,Ward-8,500081,DEV-CSV-0808
POL-CSV-0809,17.373145,78.483112,FDR-HYD-SOUTH-03,TRF-SOUTH-03,,,TENSION,Ward-2,500090,DEV-CSV-0809
POL-CSV-0810,17.373405,78.48341,FDR-HYD-SOUTH-03,TRF-SOUTH-03,,,SUSPENSION,Ward-1,500090,DEV-CSV-0810
POL-CSV-0811,17.373704,78.483734,FDR-HYD-SOUTH-03,TRF-SOUTH-03,,,SUSPENSION,Ward-9,500090,DEV-CSV-0811
POL-CSV-0812,17.373989,78.484035,FDR-HYD-SOUTH-03,TRF-SOUTH-03,,,SUSPENSION,Ward-2,500084,DEV-CSV-0812
POL-CSV-0813,17.374313,78.484313,FDR-HYD-SOUTH-03,TRF-SOUTH-03,,,TENSION,Ward-13,500001,DEV-CSV-0813
POL-CSV-0814,17.374645,78.484642,FDR-HYD-SOUTH-03,TRF-SOUTH-03,,,TENSION,Ward-7,500084,DEV-CSV-0814
POL-CSV-0815,17.374928,78.484904,FDR-HYD-SOUTH-03,TRF-SOUTH-03,,,TENSION,Ward-14,500084,DEV-CSV-0815
POL-CSV-0816,17.375211,78.485236,FDR-HYD-SOUTH-03,TRF-SOUTH-03,,,SUSPENSION,Ward-8,500001,DEV-CSV-0816
POL-CSV-0817,17.375489,78.485469,FDR-HYD-SOUTH-03,TRF-SOUTH-03,,,TENSION,Ward-4,500090,DEV-CSV-0817
POL-CSV-0818,17.375793,78.485758,FDR-HYD-SOUTH-03,TRF-SOUTH-03,,,TENSION,Ward-8,500032,DEV-CSV-0818
POL-CSV-0819,17.376081,78.486116,FDR-HYD-SOUTH-03,TRF-SOUTH-03,,,JUNCTION,Ward-13,500001,DEV-CSV-0819
POL-CSV-0820,17.376385,78.486368,FDR-HYD-SOUTH-03,TRF-SOUTH-03,,,SUSPENSION,Ward-1,500081,DEV-CSV-0820
POL-CSV-0821,17.376694,78.486703,FDR-HYD-SOUTH-03,TRF-SOUTH-03,,,SUSPENSION,Ward-13,500032,DEV-CSV-0821
POL-CSV-0822,17.377004,78.486991,FDR-HYD-SOUTH-03,TRF-SOUTH-03,,,SUSPENSION,Ward-2,500090,DEV-CSV-0822
POL-CSV-0823,17.377315,78.487321,FDR-HYD-SOUTH-03,TRF-SOUTH-03,,,SUSPENSION,Ward-11,500001,DEV-CSV-0823
POL-CSV-0824,17.377624,78.487573,FDR-HYD-SOUTH-03,TRF-SOUTH-03,,,SUSPENSION,Ward-4,500001,DEV-CSV-0824
POL-CSV-0825,17.377946,78.487921,FDR-HYD-SOUTH-03,TRF-SOUTH-03,,,SUSPENSION,Ward-11,500001,DEV-CSV-0825
POL-CSV-0826,17.378241,78.488168,FDR-HYD-SOUTH-03,TRF-SOUTH-03,,,TENSION,Ward-4,500084,DEV-CSV-0826
POL-CSV-0827,17.378455,78.488534,FDR-HYD-SOUTH-03,TRF-SOUTH-03,,,SUSPENSION,Ward-5,500081,
POL-CSV-0828,17.37879,78.488764,FDR-HYD-SOUTH-03,TRF-SOUTH-03,,,SUSPENSION,Ward-7,500084,
POL-CSV-0829,17.379054,78.489116,FDR-HYD-SOUTH-03,TRF-SOUTH-03,,,SUSPENSION,Ward-13,500084,DEV-CSV-0829
POL-CSV-0830,17.379443,78.489439,FDR-HYD-SOUTH-03,TRF-SOUTH-03,,,TENSION,Ward-6,500081,DEV-CSV-0830
POL-CSV-0831,17.379703,78.489661,FDR-HYD-SOUTH-03,TRF-SOUTH-03,,,SUSPENSION,Ward-12,500001,DEV-CSV-0831
POL-CSV-0832,17.380013,78.489998,FDR-HYD-SOUTH-03,TRF-SOUTH-03,,,SUSPENSION,Ward-6,500001,DEV-CSV-0832
POL-CSV-0833,17.380314,78.490304,FDR-HYD-SOUTH-03,TRF-SOUTH-03,,,SUSPENSION,Ward-13,500081,DEV-CSV-0833
POL-CSV-0834,17.380648,78.490573,FDR-HYD-SOUTH-03,TRF-SOUTH-03,,,TENSION,Ward-8,500001,DEV-CSV-0834
POL-CSV-0835,17.380942,78.490878,FDR-HYD-SOUTH-03,TRF-SOUTH-03,,,TENSION,Ward-11,500032,DEV-CSV-0835
POL-CSV-0836,17.381188,78.491197,FDR-HYD-SOUTH-03,TRF-SOUTH-03,,,TENSION,Ward-15,500081,DEV-CSV-0836
POL-CSV-0837,17.381482,78.491534,FDR-HYD-SOUTH-03,TRF-SOUTH-03,,,SUSPENSION,Ward-11,500001,DEV-CSV-0837
POL-CSV-0838,17.381758,78.491754,FDR-HYD-SOUTH-03,TRF-SOUTH-03,,,TENSION,Ward-4,500001,DEV-CSV-0838
POL-CSV-0839,17.382106,78.492072,FDR-HYD-SOUTH-03,TRF-SOUTH-03,,,TENSION,Ward-9,500032,DEV-CSV-0839
POL-CSV-0840,17.382389,78.492354,FDR-HYD-SOUTH-03,TRF-SOUTH-03,,,SUSPENSION,Ward-7,500001,DEV-CSV-0840
POL-CSV-0841,17.382702,78.492674,FDR-HYD-SOUTH-03,TRF-SOUTH-03,,,SUSPENSION,Ward-1,500090,DEV-CSV-0841
POL-CSV-0842,17.382954,78.492978,FDR-HYD-SOUTH-03,TRF-SOUTH-03,,,SUSPENSION,Ward-4,500081,
POL-CSV-0843,17.383252,78.493277,FDR-HYD-SOUTH-03,TRF-SOUTH-03,,,SUSPENSION,Ward-1,500084,DEV-CSV-0843
POL-CSV-0844,17.383646,78.493633,FDR-HYD-SOUTH-03,TRF-SOUTH-03,,,TENSION,Ward-2,500084,DEV-CSV-0844
POL-CSV-0845,17.38395,78.493887,FDR-HYD-SOUTH-03,TRF-SOUTH-03,,,SUSPENSION,Ward-3,500001,DEV-CSV-0845
POL-CSV-0846,17.384177,78.494236,FDR-HYD-SOUTH-03,TRF-SOUTH-03,,,SUSPENSION,Ward-11,500090,DEV-CSV-0846
POL-CSV-0847,17.384472,78.494504,FDR-HYD-SOUTH-03,TRF-SOUTH-03,,,JUNCTION,Ward-5,500032,DEV-CSV-0847
POL-CSV-0848,17.384792,78.494754,FDR-HYD-SOUTH-03,TRF-SOUTH-03,,,TENSION,Ward-8,500084,DEV-CSV-0848
POL-CSV-0849,17.385063,78.495051,FDR-HYD-SOUTH-03,TRF-SOUTH-03,,,TENSION,Ward-12,500090,DEV-CSV-0849
POL-CSV-0850,17.385356,78.495431,FDR-HYD-SOUTH-03,TRF-SOUTH-03,,,SUSPENSION,Ward-9,500032,
POL-CSV-0851,17.385736,78.495703,FDR-HYD-SOUTH-03,TRF-SOUTH-03,,,JUNCTION,Ward-2,500081,DEV-CSV-0851
POL-CSV-0852,17.385989,78.495989,FDR-HYD-SOUTH-03,TRF-SOUTH-03,,,JUNCTION,Ward-7,500081,
POL-CSV-0853,17.386261,78.496276,FDR-HYD-SOUTH-03,TRF-SOUTH-03,,,SUSPENSION,Ward-4,500001,
POL-CSV-0854,17.386609,78.496556,FDR-HYD-SOUTH-03,TRF-SOUTH-03,,,SUSPENSION,Ward-7,500081,DEV-CSV-0854
POL-CSV-0855,17.386916,78.496859,FDR-HYD-SOUTH-03,TRF-SOUTH-03,,,SUSPENSION,Ward-9,500001,
POL-CSV-0856,17.387152,78.497225,FDR-HYD-SOUTH-03,TRF-SOUTH-03,,,SUSPENSION,Ward-6,500090,DEV-CSV-0856
POL-CSV-0857,17.387475,78.497524,FDR-HYD-SOUTH-03,TRF-SOUTH-03,,,JUNCTION,Ward-4,500001,DEV-CSV-0857
POL-CSV-0858,17.387806,78.49783,FDR-HYD-SOUTH-03,TRF-SOUTH-03,,,JUNCTION,Ward-13,500084,DEV-CSV-0858
POL-CSV-0859,17.372311,78.482321,FDR-HYD-SOUTH-03,TRF-SOUTH-04,,,TRANSFORMER_POLE,Ward-1,500090,DEV-CSV-0859
POL-CSV-0860,17.372631,78.482583,FDR-HYD-SOUTH-03,TRF-SOUTH-04,,,SUSPENSION,Ward-11,500032,DEV-CSV-0860
POL-CSV-0861,17.372908,78.482885,FDR-HYD-SOUTH-03,TRF-SOUTH-04,,,JUNCTION,Ward-7,500084,DEV-CSV-0861
POL-CSV-0862,17.373198,78.483202,FDR-HYD-SOUTH-03,TRF-SOUTH-04,,,SUSPENSION,Ward-4,500084,DEV-CSV-0862
POL-CSV-0863,17.373508,78.483526,FDR-HYD-SOUTH-03,TRF-SOUTH-04,,,JUNCTION,Ward-9,500090,
POL-CSV-0864,17.373755,78.483753,FDR-HYD-SOUTH-03,TRF-SOUTH-04,,,SUSPENSION,Ward-3,500081,DEV-CSV-0864
POL-CSV-0865,17.374074,78.484087,FDR-HYD-SOUTH-03,TRF-SOUTH-04,,,SUSPENSION,Ward-1,500084,DEV-CSV-0865
POL-CSV-0866,17.374445,78.484397,FDR-HYD-SOUTH-03,TRF-SOUTH-04,,,SUSPENSION,Ward-15,500084,DEV-CSV-0866
POL-CSV-0867,17.374734,78.484738,FDR-HYD-SOUTH-03,TRF-SOUTH-04,,,SUSPENSION,Ward-2,500090,DEV-CSV-0867
POL-CSV-0868,17.375005,78.484975,FDR-HYD-SOUTH-03,TRF-SOUTH-04,,,JUNCTION,Ward-1,500090,DEV-CSV-0868
POL-CSV-0869,17.375333,78.485293,FDR-HYD-SOUTH-03,TRF-SOUTH-04,,,JUNCTION,Ward-5,500090,DEV-CSV-0869
POL-CSV-0870,17.375582,78.48565,FDR-HYD-SOUTH-03,TRF-SOUTH-04,,,SUSPENSION,Ward-4,500032,DEV-CSV-0870
POL-CSV-0871,17.375902,78.485946,FDR-HYD-SOUTH-03,TRF-SOUTH-04,,,JUNCTION,Ward-8,500001,DEV-CSV-0871
POL-CSV-0872,17.376178,78.486247,FDR-HYD-SOUTH-03,TRF-SOUTH-04,,,SUSPENSION,Ward-11,500081,DEV-CSV-0872
POL-CSV-0873,17.376547,78.486456,FDR-HYD-SOUTH-03,TRF-SOUTH-04,,,SUSPENSION,Ward-14,500090,DEV-CSV-0873
POL-CSV-0874,17.376765,78.486827,FDR-HYD-SOUTH-03,TRF-SOUTH-04,,,SUSPENSION,Ward-13,500081,
POL-CSV-0875,17.377139,78.487123,FDR-HYD-SOUTH-03,TRF-SOUTH-04,,,JUNCTION,Ward-13,500084,DEV-CSV-0875
POL-CSV-0876,17.377441,78.487429,FDR-HYD-SOUTH-03,TRF-SOUTH-04,,,JUNCTION,Ward-7,500090,DEV-CSV-0876
POL-CSV-0877,17.377722,78.487677,FDR-HYD-SOUTH-03,TRF-SOUTH-04,,,TENSION,Ward-10,500090,DEV-CSV-0877
POL-CSV-0878,17.378033,78.488028,FDR-HYD-SOUTH-03,TRF-SOUTH-04,,,SUSPENSION,Ward-1,500084,DEV-CSV-0878
POL-CSV-0879,17.378349,78.488284,FDR-HYD-SOUTH-03,TRF-SOUTH-04,,,SUSPENSION,Ward-6,500084,DEV-CSV-0879
POL-CSV-0880,17.378564,78.488596,FDR-HYD-SOUTH-03,TRF-SOUTH-04,,,SUSPENSION,Ward-15,500084,DEV-CSV-0880
POL-CSV-0881,17.378883,78.488897,FDR-HYD-SOUTH-03,TRF-SOUTH-04,,,JUNCTION,Ward-3,500032,DEV-CSV-0881
POL-CSV-0882,17.379187,78.489238,FDR-HYD-SOUTH-03,TRF-SOUTH-04,,,SUSPENSION,Ward-13,500081,DEV-CSV-0882
POL-CSV-0883,17.379503,78.489515,FDR-HYD-SOUTH-03,TRF-SOUTH-04,,,TENSION,Ward-7,500001,DEV-CSV-0883
POL-CSV-0884,17.37981,78.489789,FDR-HYD-SOUTH-03,TRF-SOUTH-04,,,SUSPENSION,Ward-1,500081,DEV-CSV-0884
POL-CSV-0885,17.380089,78.490109,FDR-HYD-SOUTH-03,TRF-SOUTH-04,,,SUSPENSION,Ward-7,500084,DEV-CSV-0885
POL-CSV-0886,17.380375,78.490401,FDR-HYD-SOUTH-03,TRF-SOUTH-04,,,SUSPENSION,Ward-8,500032,DEV-CSV-0886
POL-CSV-0887,17.380669,78.49067,FDR-HYD-SOUTH-03,TRF-SOUTH-04,,,JUNCTION,Ward-4,500032,DEV-CSV-0887
POL-CSV-0888,17.380962,78.491002,FDR-HYD-SOUTH-03,TRF-SOUTH-04,,,TENSION,Ward-10,500001,DEV-CSV-0888
POL-CSV-0889,17.381267,78.491263,FDR-HYD-SOUTH-03,TRF-SOUTH-04,,,SUSPENSION,Ward-12,500032,DEV-CSV-0889
POL-CSV-0890,17.381575,78.491595,FDR-HYD-SOUTH-03,TRF-SOUTH-04,,,SUSPENSION,Ward-12,500090,DEV-CSV-0890
POL-CSV-0891,17.381945,78.491874,FDR-HYD-SOUTH-03,TRF-SOUTH-04,,,SUSPENSION,Ward-12,500001,DEV-CSV-0891
POL-CSV-0892,17.382202,78.492166,FDR-HYD-SOUTH-03,TRF-SOUTH-04,,,SUSPENSION,Ward-1,500081,DEV-CSV-0892
POL-CSV-0893,17.382519,78.49252,FDR-HYD-SOUTH-03,TRF-SOUTH-04,,,SUSPENSION,Ward-2,500090,DEV-CSV-0893
POL-CSV-0894,17.382829,78.492831,FDR-HYD-SOUTH-03,TRF-SOUTH-04,,,SUSPENSION,Ward-12,500084,
POL-CSV-0895,17.383117,78.493075,FDR-HYD-SOUTH-03,TRF-SOUTH-04,,,JUNCTION,Ward-4,500001,DEV-CSV-0895
POL-CSV-0896,17.383398,78.493389,FDR-HYD-SOUTH-03,TRF-SOUTH-04,,,TENSION,Ward-13,500032,DEV-CSV-0896
POL-CSV-0897,17.383687,78.493662,FDR-HYD-SOUTH-03,TRF-SOUTH-04,,,SUSPENSION,Ward-10,500001,DEV-CSV-0897
POL-CSV-0898,17.38396,78.493967,FDR-HYD-SOUTH-03,TRF-SOUTH-04,,,SUSPENSION,Ward-11,500032,DEV-CSV-0898
POL-CSV-0899,17.38429,78.494296,FDR-HYD-SOUTH-03,TRF-SOUTH-04,,,SUSPENSION,Ward-5,500084,DEV-CSV-0899
POL-CSV-0900,17.384567,78.49458,FDR-HYD-SOUTH-03,TRF-SOUTH-04,,,TENSION,Ward-9,500090,DEV-CSV-0900
POL-CSV-0901,17.384916,78.494896,FDR-HYD-SOUTH-03,TRF-SOUTH-04,,,SUSPENSION,Ward-12,500032,DEV-CSV-0901
POL-CSV-0902,17.385204,78.495234,FDR-HYD-SOUTH-03,TRF-SOUTH-04,,,SUSPENSION,Ward-1,500032,DEV-CSV-0902
POL-CSV-0903,17.385487,78.495504,FDR-HYD-SOUTH-03,TRF-SOUTH-04,,,TENSION,Ward-13,500001,DEV-CSV-0903
POL-CSV-0904,17.38582,78.495769,FDR-HYD-SOUTH-03,TRF-SOUTH-04,,,SUSPENSION,Ward-2,500084,DEV-CSV-0904
POL-CSV-0905,17.386087,78.496121,FDR-HYD-SOUTH-03,TRF-SOUTH-04,,,SUSPENSION,Ward-3,500081,DEV-CSV-0905
POL-CSV-0906,17.386442,78.496414,FDR-HYD-SOUTH-03,TRF-SOUTH-04,,,SUSPENSION,Ward-12,500084,DEV-CSV-0906
POL-CSV-0907,17.386688,78.496734,FDR-HYD-SOUTH-03,TRF-SOUTH-04,,,SUSPENSION,Ward-6,500090,
POL-CSV-0908,17.386982,78.496973,FDR-HYD-SOUTH-03,TRF-SOUTH-04,,,SUSPENSION,Ward-10,500001,DEV-CSV-0908
POL-CSV-0909,17.387317,78.497252,FDR-HYD-SOUTH-03,TRF-SOUTH-04,,,TENSION,Ward-13,500090,DEV-CSV-0909
POL-CSV-0910,17.387552,78.497641,FDR-HYD-SOUTH-03,TRF-SOUTH-04,,,SUSPENSION,Ward-12,500001,
POL-CSV-0911,17.387861,78.497851,FDR-HYD-SOUTH-03,TRF-SOUTH-04,,,TENSION,Ward-4,500084,DEV-CSV-0911
POL-CSV-0912,17.388172,78.498155,FDR-HYD-SOUTH-03,TRF-SOUTH-04,,,SUSPENSION,Ward-2,500090,DEV-CSV-0912
POL-CSV-0913,17.388515,78.498473,FDR-HYD-SOUTH-03,TRF-SOUTH-04,,,TENSION,Ward-5,500081,DEV-CSV-0913
POL-CSV-0914,17.388827,78.498813,FDR-HYD-SOUTH-03,TRF-SOUTH-04,,,JUNCTION,Ward-8,500090,DEV-CSV-0914
POL-CSV-0915,17.389092,78.499084,FDR-HYD-SOUTH-03,TRF-SOUTH-04,,,TENSION,Ward-13,500001,DEV-CSV-0915
POL-CSV-0916,17.38939,78.499391,FDR-HYD-SOUTH-03,TRF-SOUTH-04,,,SUSPENSION,Ward-12,500032,DEV-CSV-0916
POL-CSV-0917,17.389695,78.499746,FDR-HYD-SOUTH-03,TRF-SOUTH-04,,,SUSPENSION,Ward-2,500090,DEV-CSV-0917
POL-CSV-0918,17.390037,78.500047,FDR-HYD-SOUTH-03,TRF-SOUTH-04,,,SUSPENSION,Ward-6,500001,DEV-CSV-0918
POL-CSV-0919,17.39027,78.500278,FDR-HYD-SOUTH-03,TRF-SOUTH-04,,,SUSPENSION,Ward-10,500081,DEV-CSV-0919
POL-CSV-0920,17.39065,78.500647,FDR-HYD-SOUTH-03,TRF-SOUTH-04,,,SUSPENSION,Ward-6,500032,DEV-CSV-0920
POL-CSV-0921,17.390945,78.500897,FDR-HYD-SOUTH-03,TRF-SOUTH-04,,,SUSPENSION,Ward-14,500032,DEV-CSV-0921
POL-CSV-0922,17.391194,78.501174,FDR-HYD-SOUTH-03,TRF-SOUTH-04,,,SUSPENSION,Ward-11,500032,DEV-CSV-0922
POL-CSV-0923,17.39153,78.501539,FDR-HYD-SOUTH-03,TRF-SOUTH-04,,,TENSION,Ward-9,500081,DEV-CSV-0923
POL-CSV-0924,17.391811,78.501767,FDR-HYD-SOUTH-03,TRF-SOUTH-04,,,SUSPENSION,Ward-3,500090,DEV-CSV-0924
POL-CSV-0925,17.376317,78.486259,FDR-HYD-SOUTH-03,TRF-SOUTH-05,,,TRANSFORMER_POLE,Ward-7,500001,DEV-CSV-0925
POL-CSV-0926,17.376578,78.486593,FDR-HYD-SOUTH-03,TRF-SOUTH-05,,,JUNCTION,Ward-8,500084,DEV-CSV-0926
POL-CSV-0927,17.376852,78.486916,FDR-HYD-SOUTH-03,TRF-SOUTH-05,,,SUSPENSION,Ward-15,500032,DEV-CSV-0927
POL-CSV-0928,17.377237,78.487249,FDR-HYD-SOUTH-03,TRF-SOUTH-05,,,SUSPENSION,Ward-5,500001,DEV-CSV-0928
POL-CSV-0929,17.377543,78.487465,FDR-HYD-SOUTH-03,TRF-SOUTH-05,,,SUSPENSION,Ward-2,500081,DEV-CSV-0929
POL-CSV-0930,17.377785,78.487818,FDR-HYD-SOUTH-03,TRF-SOUTH-05,,,TENSION,Ward-14,500032,DEV-CSV-0930
POL-CSV-0931,17.378064,78.488076,FDR-HYD-SOUTH-03,TRF-SOUTH-05,,,TENSION,Ward-7,500090,DEV-CSV-0931
POL-CSV-0932,17.3784,78.488405,FDR-HYD-SOUTH-03,TRF-SOUTH-05,,,JUNCTION,Ward-8,500084,DEV-CSV-0932
POL-CSV-0933,17.378713,78.488744,FDR-HYD-SOUTH-03,TRF-SOUTH-05,,,SUSPENSION,Ward-10,500001,DEV-CSV-0933
POL-CSV-0934,17.378985,78.489046,FDR-HYD-SOUTH-03,TRF-SOUTH-05,,,JUNCTION,Ward-11,500084,DEV-CSV-0934
POL-CSV-0935,17.379336,78.489315,FDR-HYD-SOUTH-03,TRF-SOUTH-05,,,TENSION,Ward-15,500081,DEV-CSV-0935
POL-CSV-0936,17.379618,78.48964,FDR-HYD-SOUTH-03,TRF-SOUTH-05,,,SUSPENSION,Ward-7,500081,DEV-CSV-0936
POL-CSV-0937,17.379857,78.489878,FDR-HYD-SOUTH-03,TRF-SOUTH-05,,,SUSPENSION,Ward-6,500084,DEV-CSV-0937
POL-CSV-0938,17.380204,78.490215,FDR-HYD-SOUTH-03,TRF-SOUTH-05,,,SUSPENSION,Ward-7,500032,DEV-CSV-0938
POL-CSV-0939,17.38053,78.490528,FDR-HYD-SOUTH-03,TRF-SOUTH-05,,,TENSION,Ward-4,500032,
POL-CSV-0940,17.380831,78.490805,FDR-HYD-SOUTH-03,TRF-SOUTH-05,,,SUSPENSION,Ward-3,500081,
POL-CSV-0941,17.381069,78.49114,FDR-HYD-SOUTH-03,TRF-SOUTH-05,,,SUSPENSION,Ward-6,500032,DEV-CSV-0941
POL-CSV-0942,17.381377,78.491406,FDR-HYD-SOUTH-03,TRF-SOUTH-05,,,JUNCTION,Ward-14,500090,DEV-CSV-0942
POL-CSV-0943,17.381698,78.491655,FDR-HYD-SOUTH-03,TRF-SOUTH-05,,,JUNCTION,Ward-5,500081,DEV-CSV-0943
POL-CSV-0944,17.382017,78.492028,FDR-HYD-SOUTH-03,TRF-SOUTH-05,,,SUSPENSION,Ward-15,500001,DEV-CSV-0944
POL-CSV-0945,17.382289,78.492284,FDR-HYD-SOUTH-03,TRF-SOUTH-05,,,TENSION,Ward-15,500090,DEV-CSV-0945
POL-CSV-0946,17.382556,78.492552,FDR-HYD-SOUTH-03,TRF-SOUTH-05,,,SUSPENSION,Ward-2,500001,DEV-CSV-0946
POL-CSV-0947,17.38286,78.492929,FDR-HYD-SOUTH-03,TRF-SOUTH-05,,,SUSPENSION,Ward-12,500032,DEV-CSV-0947
POL-CSV-0948,17.383209,78.493197,FDR-HYD-SOUTH-03,TRF-SOUTH-05,,,SUSPENSION,Ward-10,500001,DEV-CSV-0948
POL-CSV-0949,17.383498,78.493501,FDR-HYD-SOUTH-03,TRF-SOUTH-05,,,SUSPENSION,Ward-7,500084,DEV-CSV-0949
POL-CSV-0950,17.383817,78.493812,FDR-HYD-SOUTH-03,TRF-SOUTH-05,,,SUSPENSION,Ward-1,500084,DEV-CSV-0950
POL-CSV-0951,17.38415,78.494116,FDR-HYD-SOUTH-03,TRF-SOUTH-05,,,SUSPENSION,Ward-2,500001,
POL-CSV-0952,17.384392,78.49437,FDR-HYD-SOUTH-03,TRF-SOUTH-05,,,SUSPENSION,Ward-15,500084,DEV-CSV-0952
POL-CSV-0953,17.384667,78.494691,FDR-HYD-SOUTH-03,TRF-SOUTH-05,,,SUSPENSION,Ward-2,500084,DEV-CSV-0953
POL-CSV-0954,17.384965,78.494958,FDR-HYD-SOUTH-03,TRF-SOUTH-05,,,TENSION,Ward-2,500084,DEV-CSV-0954
POL-CSV-0955,17.385253,78.495277,FDR-HYD-SOUTH-03,TRF-SOUTH-05,,,SUSPENSION,Ward-9,500084,DEV-CSV-0955
POL-CSV-0956,17.385562,78.49559,FDR-HYD-SOUTH-03,TRF-SOUTH-05,,,JUNCTION,Ward-2,500084,DEV-CSV-0956
POL-CSV-0957,17.385902,78.495876,FDR-HYD-SOUTH-03,TRF-SOUTH-05,,,SUSPENSION,Ward-14,500001,
POL-CSV-0958,17.386236,78.49624,FDR-HYD-SOUTH-03,TRF-SOUTH-05,,,JUNCTION,Ward-12,500084,DEV-CSV-0958
POL-CSV-0959,17.386468,78.496531,FDR-HYD-SOUTH-03,TRF-SOUTH-05,,,SUSPENSION,Ward-5,500084,DEV-CSV-0959
POL-CSV-0960,17.386757,78.496763,FDR-HYD-SOUTH-03,TRF-SOUTH-05,,,JUNCTION,Ward-9,500084,DEV-CSV-0960
POL-CSV-0961,17.387135,78.49711,FDR-HYD-SOUTH-03,TRF-SOUTH-05,,,JUNCTION,Ward-12,500090,DEV-CSV-0961
POL-CSV-0962,17.387374,78.497419,FDR-HYD-SOUTH-03,TRF-SOUTH-05,,,JUNCTION,Ward-14,500032,DEV-CSV-0962
POL-CSV-0963,17.387738,78.49767,FDR-HYD-SOUTH-03,TRF-SOUTH-05,,,SUSPENSION,Ward-12,500001,DEV-CSV-0963
POL-CSV-0964,17.388008,78.497961,FDR-HYD-SOUTH-03,TRF-SOUTH-05,,,SUSPENSION,Ward-15,500081,DEV-CSV-0964
POL-CSV-0965,17.388297,78.498331,FDR-HYD-SOUTH-03,TRF-SOUTH-05,,,TENSION,Ward-13,500001,DEV-CSV-0965
POL-CSV-0966,17.388619,78.498583,FDR-HYD-SOUTH-03,TRF-SOUTH-05,,,SUSPENSION,Ward-1,500090,DEV-CSV-0966
POL-CSV-0967,17.388915,78.498913,FDR-HYD-SOUTH-03,TRF-SOUTH-05,,,TENSION,Ward-9,500084,DEV-CSV-0967
POL-CSV-0968,17.389178,78.499189,FDR-HYD-SOUTH-03,TRF-SOUTH-05,,,JUNCTION,Ward-8,500084,DEV-CSV-0968
POL-CSV-0969,17.389499,78.499474,FDR-HYD-SOUTH-03,TRF-SOUTH-05,,,SUSPENSION,Ward-11,500081,DEV-CSV-0969
POL-CSV-0970,17.389834,78.499843,FDR-HYD-SOUTH-03,TRF-SOUTH-05,,,SUSPENSION,Ward-9,500001,DEV-CSV-0970
POL-CSV-0971,17.390097,78.5001,FDR-HYD-SOUTH-03,TRF-SOUTH-05,,,SUSPENSION,Ward-14,500084,DEV-CSV-0971
POL-CSV-0972,17.390363,78.50041,FDR-HYD-SOUTH-03,TRF-SOUTH-05,,,SUSPENSION,Ward-8,500081,DEV-CSV-0972
POL-CSV-0973,17.390703,78.500703,FDR-HYD-SOUTH-03,TRF-SOUTH-05,,,SUSPENSION,Ward-9,500084,DEV-CSV-0973
POL-CSV-0974,17.390966,78.501034,FDR-HYD-SOUTH-03,TRF-SOUTH-05,,,JUNCTION,Ward-7,500084,
POL-CSV-0975,17.391271,78.501288,FDR-HYD-SOUTH-03,TRF-SOUTH-05,,,SUSPENSION,Ward-14,500081,DEV-CSV-0975
POL-CSV-0976,17.39165,78.501622,FDR-HYD-SOUTH-03,TRF-SOUTH-05,,,TENSION,Ward-3,500084,DEV-CSV-0976
POL-CSV-0977,17.39191,78.501914,FDR-HYD-SOUTH-03,TRF-SOUTH-05,,,SUSPENSION,Ward-10,500090,DEV-CSV-0977
POL-CSV-0978,17.392194,78.5022,FDR-HYD-SOUTH-03,TRF-SOUTH-05,,,JUNCTION,Ward-3,500001,DEV-CSV-0978
POL-CSV-0979,17.392451,78.502468,FDR-HYD-SOUTH-03,TRF-SOUTH-05,,,SUSPENSION,Ward-3,500090,DEV-CSV-0979
POL-CSV-0980,17.392754,78.502825,FDR-HYD-SOUTH-03,TRF-SOUTH-05,,,SUSPENSION,Ward-5,500032,DEV-CSV-0980
POL-CSV-0981,17.393101,78.503084,FDR-HYD-SOUTH-03,TRF-SOUTH-05,,,SUSPENSION,Ward-7,500084,DEV-CSV-0981
POL-CSV-0982,17.393416,78.503381,FDR-HYD-SOUTH-03,TRF-SOUTH-05,,,SUSPENSION,Ward-3,500084,DEV-CSV-0982
POL-CSV-0983,17.393733,78.503747,FDR-HYD-SOUTH-03,TRF-SOUTH-05,,,SUSPENSION,Ward-9,500090,DEV-CSV-0983
POL-CSV-0984,17.393974,78.504048,FDR-HYD-SOUTH-03,TRF-SOUTH-05,,,SUSPENSION,Ward-12,500081,DEV-CSV-0984
POL-CSV-0985,17.394276,78.504329,FDR-HYD-SOUTH-03,TRF-SOUTH-05,,,JUNCTION,Ward-10,500081,DEV-CSV-0985
POL-CSV-0986,17.39459,78.504559,FDR-HYD-SOUTH-03,TRF-SOUTH-05,,,TENSION,Ward-10,500084,DEV-CSV-0986
POL-CSV-0987,17.394943,78.504889,FDR-HYD-SOUTH-03,TRF-SOUTH-05,,,SUSPENSION,Ward-6,500084,DEV-CSV-0987
POL-CSV-0988,17.395209,78.505191,FDR-HYD-SOUTH-03,TRF-SOUTH-05,,,SUSPENSION,Ward-4,500032,DEV-CSV-0988
POL-CSV-0989,17.39549,78.505507,FDR-HYD-SOUTH-03,TRF-SOUTH-05,,,JUNCTION,Ward-4,500084,DEV-CSV-0989
POL-CSV-0990,17.395802,78.505826,FDR-HYD-SOUTH-03,TRF-SOUTH-05,,,JUNCTION,Ward-12,500001,DEV-CSV-0990
